run_id,dimension,num_sources,geometry,phase_offset,alpha_0,gamma,M,T,has_commits,agent_commit_count,commit_rate,first_commit_time,final_psi,max_salience
0,5,1,symmetric,0,0.6,0.001,1,100.0,True,5185,51.85,13.83999999999975,9.393319023980032,9.393319023980032
1,5,1,symmetric,0,0.8,0.001,1,100.0,True,5835,58.35,12.329999999999782,16.699976603190102,16.699976603190102
2,5,1,symmetric,0,1.0,0.001,1,100.0,True,6277,62.77,11.279999999999804,26.096262613932286,26.096262613932286
3,5,1,symmetric,0,1.2,0.001,1,100.0,True,6604,66.04,10.479999999999821,37.57327609592013,37.57327609592013
4,5,1,symmetric,0,1.4,0.001,1,100.0,True,6857,68.57,9.849999999999834,51.11596679687499,51.11596679687499
5,5,1,symmetric,0,1.6,0.001,1,100.0,True,7061,70.61,9.339999999999845,66.79990641276041,66.79990641276041
6,5,1,symmetric,0,1.8,0.001,1,100.0,True,7229,72.29,8.909999999999854,84.53601752387151,84.53601752387151
7,5,1,symmetric,0,2.0,0.001,1,100.0,True,7373,73.73,8.539999999999862,104.38505045572914,104.38505045572914
8,5,1,symmetric,0,2.2,0.001,1,100.0,True,7495,74.95,8.21999999999987,126.24605305989581,126.24605305989581
9,5,1,symmetric,0,2.4,0.001,1,100.0,True,7602,76.02,7.939999999999875,150.29310438368051,150.29310438368051
10,5,1,symmetric,0,2.6,0.001,1,100.0,True,7697,76.97,7.6899999999998805,176.32093641493051,176.32093641493051
11,5,1,symmetric,0,0.6,0.005,1,100.0,True,5315,53.15,13.889999999999748,18.221281263563366,18.221281263563366
12,5,1,symmetric,0,0.8,0.005,1,100.0,True,5907,59.07,12.36999999999978,32.33241441514756,32.33241441514756
13,5,1,symmetric,0,1.0,0.005,1,100.0,True,6321,63.21,11.309999999999803,50.48416476779513,50.48416476779513
14,5,1,symmetric,0,1.2,0.005,1,100.0,True,6630,66.3,10.51999999999982,72.88512505425346,72.88512505425346
15,5,1,symmetric,0,1.4,0.005,1,100.0,True,6874,68.74,9.879999999999834,98.97546386718749,98.97546386718749
16,5,1,symmetric,0,1.6,0.005,1,100.0,True,7071,70.71,9.369999999999845,129.32965766059024,129.32965766059024
17,5,1,symmetric,0,1.8,0.005,1,100.0,True,7235,72.35,8.939999999999854,163.56342230902774,163.56342230902774
18,5,1,symmetric,0,2.0,0.005,1,100.0,True,7375,73.75,8.559999999999862,201.93665907118051,201.93665907118051
19,5,1,symmetric,0,2.2,0.005,1,100.0,True,7495,74.95,8.239999999999869,244.83566623263886,244.83566623263886
20,5,1,symmetric,0,2.4,0.005,1,100.0,True,7601,76.01,7.959999999999875,291.54050021701386,291.54050021701386
21,5,1,symmetric,0,2.6,0.005,1,100.0,True,7694,76.94,7.70999999999988,341.44485134548603,341.44485134548603
22,5,1,symmetric,0,0.6,0.001,1,200.0,True,15185,75.925,13.83999999999975,141.94357638888886,141.94357638888886
23,5,1,symmetric,0,0.8,0.001,1,200.0,True,15835,79.175,12.329999999999782,253.05970594618051,253.05970594618051
24,5,1,symmetric,0,1.0,0.001,1,200.0,True,16277,81.385,11.279999999999804,395.3678927951388,395.3678927951388
25,5,1,symmetric,0,1.2,0.001,1,200.0,True,16604,83.02,10.479999999999821,567.7743055555554,567.7743055555554
26,5,1,symmetric,0,1.4,0.001,1,200.0,True,16857,84.285,9.849999999999834,772.1119791666665,772.1119791666665
27,5,1,symmetric,0,1.6,0.001,1,200.0,True,17061,85.305,9.339999999999845,1012.2388237847221,1012.2388237847221
28,5,1,symmetric,0,1.8,0.001,1,200.0,True,17229,86.145,8.909999999999854,1280.080403645833,1280.080403645833
29,5,1,symmetric,0,2.0,0.001,1,200.0,True,17373,86.865,8.539999999999862,1581.4715711805552,1581.4715711805552
30,5,1,symmetric,0,2.2,0.001,1,200.0,True,17495,87.475,8.21999999999987,1909.772786458333,1909.772786458333
31,5,1,symmetric,0,2.4,0.001,1,200.0,True,17602,88.01,7.939999999999875,2271.0972222222217,2271.0972222222217
32,5,1,symmetric,0,2.6,0.001,1,200.0,True,17697,88.485,7.6899999999998805,2668.9144965277774,2668.9144965277774
33,5,1,symmetric,0,0.6,0.005,1,200.0,True,15315,76.575,13.889999999999748,2198.131510416666,2198.131510416666
34,5,1,symmetric,0,0.8,0.005,1,200.0,True,15907,79.535,12.36999999999978,3908.9826388888882,3908.9826388888882
35,5,1,symmetric,0,1.0,0.005,1,200.0,True,16321,81.605,11.309999999999803,6080.773003472221,6080.773003472221
36,5,1,symmetric,0,1.2,0.005,1,200.0,True,16630,83.15,10.51999999999982,8792.526041666664,8792.526041666664
37,5,1,symmetric,0,1.4,0.005,1,200.0,True,16874,84.37,9.879999999999834,11903.83940972222,11903.83940972222
38,5,1,symmetric,0,1.6,0.005,1,200.0,True,17071,85.355,9.369999999999845,15635.930555555553,15635.930555555553
39,5,1,symmetric,0,1.8,0.005,1,200.0,True,17235,86.175,8.939999999999854,19757.590277777774,19757.590277777774
40,5,1,symmetric,0,2.0,0.005,1,200.0,True,17375,86.875,8.559999999999862,24323.092013888883,24323.092013888883
41,5,1,symmetric,0,2.2,0.005,1,200.0,True,17495,87.475,8.239999999999869,29552.381944444438,29552.381944444438
42,5,1,symmetric,0,2.4,0.005,1,200.0,True,17601,88.005,7.959999999999875,35170.10416666666,35170.10416666666
43,5,1,symmetric,0,2.6,0.005,1,200.0,True,17694,88.47,7.70999999999988,41056.934027777774,41056.934027777774
44,5,1,symmetric,0,0.6,0.001,1,500.0,True,45185,90.37,13.83999999999975,4918.717881944443,4918.717881944443
45,5,1,symmetric,0,0.8,0.001,1,500.0,True,45835,91.67,12.329999999999782,8713.734374999998,8713.734374999998
46,5,1,symmetric,0,1.0,0.001,1,500.0,True,46277,92.554,11.279999999999804,13746.928819444442,13746.928819444442
47,5,1,symmetric,0,1.2,0.001,1,500.0,True,46604,93.208,10.479999999999821,19674.871527777774,19674.871527777774
48,5,1,symmetric,0,1.4,0.001,1,500.0,True,46857,93.714,9.849999999999834,26689.725694444438,26689.725694444438
49,5,1,symmetric,0,1.6,0.001,1,500.0,True,47061,94.122,9.339999999999845,34854.93749999999,34854.93749999999
50,5,1,symmetric,0,1.8,0.001,1,500.0,True,47229,94.458,8.909999999999854,43739.68749999999,43739.68749999999
51,5,1,symmetric,0,2.0,0.001,1,500.0,True,47373,94.746,8.539999999999862,54987.71527777777,54987.71527777777
52,5,1,symmetric,0,2.2,0.001,1,500.0,True,47495,94.99,8.21999999999987,66107.12499999999,66107.12499999999
53,5,1,symmetric,0,2.4,0.001,1,500.0,True,47602,95.204,7.939999999999875,78699.4861111111,78699.4861111111
54,5,1,symmetric,0,2.6,0.001,1,500.0,True,47697,95.394,7.6899999999998805,92436.74305555553,92436.74305555553
55,5,1,symmetric,0,0.6,0.005,1,500.0,True,45315,90.63,13.889999999999748,111111111.11111109,111111111.11111109
56,5,1,symmetric,0,0.8,0.005,1,500.0,True,45907,91.814,12.36999999999978,111111111.11111109,111111111.11111109
57,5,1,symmetric,0,1.0,0.005,1,500.0,True,46321,92.642,11.309999999999803,111111111.11111109,111111111.11111109
58,5,1,symmetric,0,1.2,0.005,1,500.0,True,46630,93.26,10.51999999999982,111111111.11111109,111111111.11111109
59,5,1,symmetric,0,1.4,0.005,1,500.0,True,46874,93.748,9.879999999999834,111111111.11111109,111111111.11111109
60,5,1,symmetric,0,1.6,0.005,1,500.0,True,47071,94.142,9.369999999999845,111111111.11111109,111111111.11111109
61,5,1,symmetric,0,1.8,0.005,1,500.0,True,47235,94.47,8.939999999999854,111111111.11111109,111111111.11111109
62,5,1,symmetric,0,2.0,0.005,1,500.0,True,47375,94.75,8.559999999999862,111111111.11111109,111111111.11111109
63,5,1,symmetric,0,2.2,0.005,1,500.0,True,47495,94.99,8.239999999999869,111111111.11111109,111111111.11111109
64,5,1,symmetric,0,2.4,0.005,1,500.0,True,47601,95.202,7.959999999999875,111111111.11111109,111111111.11111109
65,5,1,symmetric,0,2.6,0.005,1,500.0,True,47694,95.388,7.70999999999988,111111111.11111109,111111111.11111109
66,5,1,symmetric,1,0.6,0.001,1,100.0,True,5185,51.85,13.83999999999975,9.393319023980032,9.393319023980032
67,5,1,symmetric,1,0.8,0.001,1,100.0,True,5835,58.35,12.329999999999782,16.699976603190102,16.699976603190102
68,5,1,symmetric,1,1.0,0.001,1,100.0,True,6277,62.77,11.279999999999804,26.096262613932286,26.096262613932286
69,5,1,symmetric,1,1.2,0.001,1,100.0,True,6604,66.04,10.479999999999821,37.57327609592013,37.57327609592013
70,5,1,symmetric,1,1.4,0.001,1,100.0,True,6857,68.57,9.849999999999834,51.11596679687499,51.11596679687499
71,5,1,symmetric,1,1.6,0.001,1,100.0,True,7061,70.61,9.339999999999845,66.79990641276041,66.79990641276041
72,5,1,symmetric,1,1.8,0.001,1,100.0,True,7229,72.29,8.909999999999854,84.53601752387151,84.53601752387151
73,5,1,symmetric,1,2.0,0.001,1,100.0,True,7373,73.73,8.539999999999862,104.38505045572914,104.38505045572914
74,5,1,symmetric,1,2.2,0.001,1,100.0,True,7495,74.95,8.21999999999987,126.24605305989581,126.24605305989581
75,5,1,symmetric,1,2.4,0.001,1,100.0,True,7602,76.02,7.939999999999875,150.29310438368051,150.29310438368051
76,5,1,symmetric,1,2.6,0.001,1,100.0,True,7697,76.97,7.6899999999998805,176.32093641493051,176.32093641493051
77,5,1,symmetric,1,0.6,0.005,1,100.0,True,5315,53.15,13.889999999999748,18.221281263563366,18.221281263563366
78,5,1,symmetric,1,0.8,0.005,1,100.0,True,5907,59.07,12.36999999999978,32.33241441514756,32.33241441514756
79,5,1,symmetric,1,1.0,0.005,1,100.0,True,6321,63.21,11.309999999999803,50.48416476779513,50.48416476779513
80,5,1,symmetric,1,1.2,0.005,1,100.0,True,6630,66.3,10.51999999999982,72.88512505425346,72.88512505425346
81,5,1,symmetric,1,1.4,0.005,1,100.0,True,6874,68.74,9.879999999999834,98.97546386718749,98.97546386718749
82,5,1,symmetric,1,1.6,0.005,1,100.0,True,7071,70.71,9.369999999999845,129.32965766059024,129.32965766059024
83,5,1,symmetric,1,1.8,0.005,1,100.0,True,7235,72.35,8.939999999999854,163.56342230902774,163.56342230902774
84,5,1,symmetric,1,2.0,0.005,1,100.0,True,7375,73.75,8.559999999999862,201.93665907118051,201.93665907118051
85,5,1,symmetric,1,2.2,0.005,1,100.0,True,7495,74.95,8.239999999999869,244.83566623263886,244.83566623263886
86,5,1,symmetric,1,2.4,0.005,1,100.0,True,7601,76.01,7.959999999999875,291.54050021701386,291.54050021701386
87,5,1,symmetric,1,2.6,0.005,1,100.0,True,7694,76.94,7.70999999999988,341.44485134548603,341.44485134548603
88,5,1,symmetric,1,0.6,0.001,1,200.0,True,15185,75.925,13.83999999999975,141.94357638888886,141.94357638888886
89,5,1,symmetric,1,0.8,0.001,1,200.0,True,15835,79.175,12.329999999999782,253.05970594618051,253.05970594618051
90,5,1,symmetric,1,1.0,0.001,1,200.0,True,16277,81.385,11.279999999999804,395.3678927951388,395.3678927951388
91,5,1,symmetric,1,1.2,0.001,1,200.0,True,16604,83.02,10.479999999999821,567.7743055555554,567.7743055555554
92,5,1,symmetric,1,1.4,0.001,1,200.0,True,16857,84.285,9.849999999999834,772.1119791666665,772.1119791666665
93,5,1,symmetric,1,1.6,0.001,1,200.0,True,17061,85.305,9.339999999999845,1012.2388237847221,1012.2388237847221
94,5,1,symmetric,1,1.8,0.001,1,200.0,True,17229,86.145,8.909999999999854,1280.080403645833,1280.080403645833
95,5,1,symmetric,1,2.0,0.001,1,200.0,True,17373,86.865,8.539999999999862,1581.4715711805552,1581.4715711805552
96,5,1,symmetric,1,2.2,0.001,1,200.0,True,17495,87.475,8.21999999999987,1909.772786458333,1909.772786458333
97,5,1,symmetric,1,2.4,0.001,1,200.0,True,17602,88.01,7.939999999999875,2271.0972222222217,2271.0972222222217
98,5,1,symmetric,1,2.6,0.001,1,200.0,True,17697,88.485,7.6899999999998805,2668.9144965277774,2668.9144965277774
99,5,1,symmetric,1,0.6,0.005,1,200.0,True,15315,76.575,13.889999999999748,2198.131510416666,2198.131510416666
100,5,1,symmetric,1,0.8,0.005,1,200.0,True,15907,79.535,12.36999999999978,3908.9826388888882,3908.9826388888882
101,5,1,symmetric,1,1.0,0.005,1,200.0,True,16321,81.605,11.309999999999803,6080.773003472221,6080.773003472221
102,5,1,symmetric,1,1.2,0.005,1,200.0,True,16630,83.15,10.51999999999982,8792.526041666664,8792.526041666664
103,5,1,symmetric,1,1.4,0.005,1,200.0,True,16874,84.37,9.879999999999834,11903.83940972222,11903.83940972222
104,5,1,symmetric,1,1.6,0.005,1,200.0,True,17071,85.355,9.369999999999845,15635.930555555553,15635.930555555553
105,5,1,symmetric,1,1.8,0.005,1,200.0,True,17235,86.175,8.939999999999854,19757.590277777774,19757.590277777774
106,5,1,symmetric,1,2.0,0.005,1,200.0,True,17375,86.875,8.559999999999862,24323.092013888883,24323.092013888883
107,5,1,symmetric,1,2.2,0.005,1,200.0,True,17495,87.475,8.239999999999869,29552.381944444438,29552.381944444438
108,5,1,symmetric,1,2.4,0.005,1,200.0,True,17601,88.005,7.959999999999875,35170.10416666666,35170.10416666666
109,5,1,symmetric,1,2.6,0.005,1,200.0,True,17694,88.47,7.70999999999988,41056.934027777774,41056.934027777774
110,5,1,symmetric,1,0.6,0.001,1,500.0,True,45185,90.37,13.83999999999975,4918.717881944443,4918.717881944443
111,5,1,symmetric,1,0.8,0.001,1,500.0,True,45835,91.67,12.329999999999782,8713.734374999998,8713.734374999998
112,5,1,symmetric,1,1.0,0.001,1,500.0,True,46277,92.554,11.279999999999804,13746.928819444442,13746.928819444442
113,5,1,symmetric,1,1.2,0.001,1,500.0,True,46604,93.208,10.479999999999821,19674.871527777774,19674.871527777774
114,5,1,symmetric,1,1.4,0.001,1,500.0,True,46857,93.714,9.849999999999834,26689.725694444438,26689.725694444438
115,5,1,symmetric,1,1.6,0.001,1,500.0,True,47061,94.122,9.339999999999845,34854.93749999999,34854.93749999999
116,5,1,symmetric,1,1.8,0.001,1,500.0,True,47229,94.458,8.909999999999854,43739.68749999999,43739.68749999999
117,5,1,symmetric,1,2.0,0.001,1,500.0,True,47373,94.746,8.539999999999862,54987.71527777777,54987.71527777777
118,5,1,symmetric,1,2.2,0.001,1,500.0,True,47495,94.99,8.21999999999987,66107.12499999999,66107.12499999999
119,5,1,symmetric,1,2.4,0.001,1,500.0,True,47602,95.204,7.939999999999875,78699.4861111111,78699.4861111111
120,5,1,symmetric,1,2.6,0.001,1,500.0,True,47697,95.394,7.6899999999998805,92436.74305555553,92436.74305555553
121,5,1,symmetric,1,0.6,0.005,1,500.0,True,45315,90.63,13.889999999999748,111111111.11111109,111111111.11111109
122,5,1,symmetric,1,0.8,0.005,1,500.0,True,45907,91.814,12.36999999999978,111111111.11111109,111111111.11111109
123,5,1,symmetric,1,1.0,0.005,1,500.0,True,46321,92.642,11.309999999999803,111111111.11111109,111111111.11111109
124,5,1,symmetric,1,1.2,0.005,1,500.0,True,46630,93.26,10.51999999999982,111111111.11111109,111111111.11111109
125,5,1,symmetric,1,1.4,0.005,1,500.0,True,46874,93.748,9.879999999999834,111111111.11111109,111111111.11111109
126,5,1,symmetric,1,1.6,0.005,1,500.0,True,47071,94.142,9.369999999999845,111111111.11111109,111111111.11111109
127,5,1,symmetric,1,1.8,0.005,1,500.0,True,47235,94.47,8.939999999999854,111111111.11111109,111111111.11111109
128,5,1,symmetric,1,2.0,0.005,1,500.0,True,47375,94.75,8.559999999999862,111111111.11111109,111111111.11111109
129,5,1,symmetric,1,2.2,0.005,1,500.0,True,47495,94.99,8.239999999999869,111111111.11111109,111111111.11111109
130,5,1,symmetric,1,2.4,0.005,1,500.0,True,47601,95.202,7.959999999999875,111111111.11111109,111111111.11111109
131,5,1,symmetric,1,2.6,0.005,1,500.0,True,47694,95.388,7.70999999999988,111111111.11111109,111111111.11111109
132,5,1,clustered,0,0.6,0.001,1,100.0,True,5185,51.85,13.83999999999975,9.393319023980032,9.393319023980032
133,5,1,clustered,0,0.8,0.001,1,100.0,True,5835,58.35,12.329999999999782,16.699976603190102,16.699976603190102
134,5,1,clustered,0,1.0,0.001,1,100.0,True,6277,62.77,11.279999999999804,26.096262613932286,26.096262613932286
135,5,1,clustered,0,1.2,0.001,1,100.0,True,6604,66.04,10.479999999999821,37.57327609592013,37.57327609592013
136,5,1,clustered,0,1.4,0.001,1,100.0,True,6857,68.57,9.849999999999834,51.11596679687499,51.11596679687499
137,5,1,clustered,0,1.6,0.001,1,100.0,True,7061,70.61,9.339999999999845,66.79990641276041,66.79990641276041
138,5,1,clustered,0,1.8,0.001,1,100.0,True,7229,72.29,8.909999999999854,84.53601752387151,84.53601752387151
139,5,1,clustered,0,2.0,0.001,1,100.0,True,7373,73.73,8.539999999999862,104.38505045572914,104.38505045572914
140,5,1,clustered,0,2.2,0.001,1,100.0,True,7495,74.95,8.21999999999987,126.24605305989581,126.24605305989581
141,5,1,clustered,0,2.4,0.001,1,100.0,True,7602,76.02,7.939999999999875,150.29310438368051,150.29310438368051
142,5,1,clustered,0,2.6,0.001,1,100.0,True,7697,76.97,7.6899999999998805,176.32093641493051,176.32093641493051
143,5,1,clustered,0,0.6,0.005,1,100.0,True,5315,53.15,13.889999999999748,18.221281263563366,18.221281263563366
144,5,1,clustered,0,0.8,0.005,1,100.0,True,5907,59.07,12.36999999999978,32.33241441514756,32.33241441514756
145,5,1,clustered,0,1.0,0.005,1,100.0,True,6321,63.21,11.309999999999803,50.48416476779513,50.48416476779513
146,5,1,clustered,0,1.2,0.005,1,100.0,True,6630,66.3,10.51999999999982,72.88512505425346,72.88512505425346
147,5,1,clustered,0,1.4,0.005,1,100.0,True,6874,68.74,9.879999999999834,98.97546386718749,98.97546386718749
148,5,1,clustered,0,1.6,0.005,1,100.0,True,7071,70.71,9.369999999999845,129.32965766059024,129.32965766059024
149,5,1,clustered,0,1.8,0.005,1,100.0,True,7235,72.35,8.939999999999854,163.56342230902774,163.56342230902774
150,5,1,clustered,0,2.0,0.005,1,100.0,True,7375,73.75,8.559999999999862,201.93665907118051,201.93665907118051
151,5,1,clustered,0,2.2,0.005,1,100.0,True,7495,74.95,8.239999999999869,244.83566623263886,244.83566623263886
152,5,1,clustered,0,2.4,0.005,1,100.0,True,7601,76.01,7.959999999999875,291.54050021701386,291.54050021701386
153,5,1,clustered,0,2.6,0.005,1,100.0,True,7694,76.94,7.70999999999988,341.44485134548603,341.44485134548603
154,5,1,clustered,0,0.6,0.001,1,200.0,True,15185,75.925,13.83999999999975,141.94357638888886,141.94357638888886
155,5,1,clustered,0,0.8,0.001,1,200.0,True,15835,79.175,12.329999999999782,253.05970594618051,253.05970594618051
156,5,1,clustered,0,1.0,0.001,1,200.0,True,16277,81.385,11.279999999999804,395.3678927951388,395.3678927951388
157,5,1,clustered,0,1.2,0.001,1,200.0,True,16604,83.02,10.479999999999821,567.7743055555554,567.7743055555554
158,5,1,clustered,0,1.4,0.001,1,200.0,True,16857,84.285,9.849999999999834,772.1119791666665,772.1119791666665
159,5,1,clustered,0,1.6,0.001,1,200.0,True,17061,85.305,9.339999999999845,1012.2388237847221,1012.2388237847221
160,5,1,clustered,0,1.8,0.001,1,200.0,True,17229,86.145,8.909999999999854,1280.080403645833,1280.080403645833
161,5,1,clustered,0,2.0,0.001,1,200.0,True,17373,86.865,8.539999999999862,1581.4715711805552,1581.4715711805552
162,5,1,clustered,0,2.2,0.001,1,200.0,True,17495,87.475,8.21999999999987,1909.772786458333,1909.772786458333
163,5,1,clustered,0,2.4,0.001,1,200.0,True,17602,88.01,7.939999999999875,2271.0972222222217,2271.0972222222217
164,5,1,clustered,0,2.6,0.001,1,200.0,True,17697,88.485,7.6899999999998805,2668.9144965277774,2668.9144965277774
165,5,1,clustered,0,0.6,0.005,1,200.0,True,15315,76.575,13.889999999999748,2198.131510416666,2198.131510416666
166,5,1,clustered,0,0.8,0.005,1,200.0,True,15907,79.535,12.36999999999978,3908.9826388888882,3908.9826388888882
167,5,1,clustered,0,1.0,0.005,1,200.0,True,16321,81.605,11.309999999999803,6080.773003472221,6080.773003472221
168,5,1,clustered,0,1.2,0.005,1,200.0,True,16630,83.15,10.51999999999982,8792.526041666664,8792.526041666664
169,5,1,clustered,0,1.4,0.005,1,200.0,True,16874,84.37,9.879999999999834,11903.83940972222,11903.83940972222
170,5,1,clustered,0,1.6,0.005,1,200.0,True,17071,85.355,9.369999999999845,15635.930555555553,15635.930555555553
171,5,1,clustered,0,1.8,0.005,1,200.0,True,17235,86.175,8.939999999999854,19757.590277777774,19757.590277777774
172,5,1,clustered,0,2.0,0.005,1,200.0,True,17375,86.875,8.559999999999862,24323.092013888883,24323.092013888883
173,5,1,clustered,0,2.2,0.005,1,200.0,True,17495,87.475,8.239999999999869,29552.381944444438,29552.381944444438
174,5,1,clustered,0,2.4,0.005,1,200.0,True,17601,88.005,7.959999999999875,35170.10416666666,35170.10416666666
175,5,1,clustered,0,2.6,0.005,1,200.0,True,17694,88.47,7.70999999999988,41056.934027777774,41056.934027777774
176,5,1,clustered,0,0.6,0.001,1,500.0,True,45185,90.37,13.83999999999975,4918.717881944443,4918.717881944443
177,5,1,clustered,0,0.8,0.001,1,500.0,True,45835,91.67,12.329999999999782,8713.734374999998,8713.734374999998
178,5,1,clustered,0,1.0,0.001,1,500.0,True,46277,92.554,11.279999999999804,13746.928819444442,13746.928819444442
179,5,1,clustered,0,1.2,0.001,1,500.0,True,46604,93.208,10.479999999999821,19674.871527777774,19674.871527777774
180,5,1,clustered,0,1.4,0.001,1,500.0,True,46857,93.714,9.849999999999834,26689.725694444438,26689.725694444438
181,5,1,clustered,0,1.6,0.001,1,500.0,True,47061,94.122,9.339999999999845,34854.93749999999,34854.93749999999
182,5,1,clustered,0,1.8,0.001,1,500.0,True,47229,94.458,8.909999999999854,43739.68749999999,43739.68749999999
183,5,1,clustered,0,2.0,0.001,1,500.0,True,47373,94.746,8.539999999999862,54987.71527777777,54987.71527777777
184,5,1,clustered,0,2.2,0.001,1,500.0,True,47495,94.99,8.21999999999987,66107.12499999999,66107.12499999999
185,5,1,clustered,0,2.4,0.001,1,500.0,True,47602,95.204,7.939999999999875,78699.4861111111,78699.4861111111
186,5,1,clustered,0,2.6,0.001,1,500.0,True,47697,95.394,7.6899999999998805,92436.74305555553,92436.74305555553
187,5,1,clustered,0,0.6,0.005,1,500.0,True,45315,90.63,13.889999999999748,111111111.11111109,111111111.11111109
188,5,1,clustered,0,0.8,0.005,1,500.0,True,45907,91.814,12.36999999999978,111111111.11111109,111111111.11111109
189,5,1,clustered,0,1.0,0.005,1,500.0,True,46321,92.642,11.309999999999803,111111111.11111109,111111111.11111109
190,5,1,clustered,0,1.2,0.005,1,500.0,True,46630,93.26,10.51999999999982,111111111.11111109,111111111.11111109
191,5,1,clustered,0,1.4,0.005,1,500.0,True,46874,93.748,9.879999999999834,111111111.11111109,111111111.11111109
192,5,1,clustered,0,1.6,0.005,1,500.0,True,47071,94.142,9.369999999999845,111111111.11111109,111111111.11111109
193,5,1,clustered,0,1.8,0.005,1,500.0,True,47235,94.47,8.939999999999854,111111111.11111109,111111111.11111109
194,5,1,clustered,0,2.0,0.005,1,500.0,True,47375,94.75,8.559999999999862,111111111.11111109,111111111.11111109
195,5,1,clustered,0,2.2,0.005,1,500.0,True,47495,94.99,8.239999999999869,111111111.11111109,111111111.11111109
196,5,1,clustered,0,2.4,0.005,1,500.0,True,47601,95.202,7.959999999999875,111111111.11111109,111111111.11111109
197,5,1,clustered,0,2.6,0.005,1,500.0,True,47694,95.388,7.70999999999988,111111111.11111109,111111111.11111109
198,5,1,clustered,1,0.6,0.001,1,100.0,True,5185,51.85,13.83999999999975,9.393319023980032,9.393319023980032
199,5,1,clustered,1,0.8,0.001,1,100.0,True,5835,58.35,12.329999999999782,16.699976603190102,16.699976603190102
200,5,1,clustered,1,1.0,0.001,1,100.0,True,6277,62.77,11.279999999999804,26.096262613932286,26.096262613932286
201,5,1,clustered,1,1.2,0.001,1,100.0,True,6604,66.04,10.479999999999821,37.57327609592013,37.57327609592013
202,5,1,clustered,1,1.4,0.001,1,100.0,True,6857,68.57,9.849999999999834,51.11596679687499,51.11596679687499
203,5,1,clustered,1,1.6,0.001,1,100.0,True,7061,70.61,9.339999999999845,66.79990641276041,66.79990641276041
204,5,1,clustered,1,1.8,0.001,1,100.0,True,7229,72.29,8.909999999999854,84.53601752387151,84.53601752387151
205,5,1,clustered,1,2.0,0.001,1,100.0,True,7373,73.73,8.539999999999862,104.38505045572914,104.38505045572914
206,5,1,clustered,1,2.2,0.001,1,100.0,True,7495,74.95,8.21999999999987,126.24605305989581,126.24605305989581
207,5,1,clustered,1,2.4,0.001,1,100.0,True,7602,76.02,7.939999999999875,150.29310438368051,150.29310438368051
208,5,1,clustered,1,2.6,0.001,1,100.0,True,7697,76.97,7.6899999999998805,176.32093641493051,176.32093641493051
209,5,1,clustered,1,0.6,0.005,1,100.0,True,5315,53.15,13.889999999999748,18.221281263563366,18.221281263563366
210,5,1,clustered,1,0.8,0.005,1,100.0,True,5907,59.07,12.36999999999978,32.33241441514756,32.33241441514756
211,5,1,clustered,1,1.0,0.005,1,100.0,True,6321,63.21,11.309999999999803,50.48416476779513,50.48416476779513
212,5,1,clustered,1,1.2,0.005,1,100.0,True,6630,66.3,10.51999999999982,72.88512505425346,72.88512505425346
213,5,1,clustered,1,1.4,0.005,1,100.0,True,6874,68.74,9.879999999999834,98.97546386718749,98.97546386718749
214,5,1,clustered,1,1.6,0.005,1,100.0,True,7071,70.71,9.369999999999845,129.32965766059024,129.32965766059024
215,5,1,clustered,1,1.8,0.005,1,100.0,True,7235,72.35,8.939999999999854,163.56342230902774,163.56342230902774
216,5,1,clustered,1,2.0,0.005,1,100.0,True,7375,73.75,8.559999999999862,201.93665907118051,201.93665907118051
217,5,1,clustered,1,2.2,0.005,1,100.0,True,7495,74.95,8.239999999999869,244.83566623263886,244.83566623263886
218,5,1,clustered,1,2.4,0.005,1,100.0,True,7601,76.01,7.959999999999875,291.54050021701386,291.54050021701386
219,5,1,clustered,1,2.6,0.005,1,100.0,True,7694,76.94,7.70999999999988,341.44485134548603,341.44485134548603
220,5,1,clustered,1,0.6,0.001,1,200.0,True,15185,75.925,13.83999999999975,141.94357638888886,141.94357638888886
221,5,1,clustered,1,0.8,0.001,1,200.0,True,15835,79.175,12.329999999999782,253.05970594618051,253.05970594618051
222,5,1,clustered,1,1.0,0.001,1,200.0,True,16277,81.385,11.279999999999804,395.3678927951388,395.3678927951388
223,5,1,clustered,1,1.2,0.001,1,200.0,True,16604,83.02,10.479999999999821,567.7743055555554,567.7743055555554
224,5,1,clustered,1,1.4,0.001,1,200.0,True,16857,84.285,9.849999999999834,772.1119791666665,772.1119791666665
225,5,1,clustered,1,1.6,0.001,1,200.0,True,17061,85.305,9.339999999999845,1012.2388237847221,1012.2388237847221
226,5,1,clustered,1,1.8,0.001,1,200.0,True,17229,86.145,8.909999999999854,1280.080403645833,1280.080403645833
227,5,1,clustered,1,2.0,0.001,1,200.0,True,17373,86.865,8.539999999999862,1581.4715711805552,1581.4715711805552
228,5,1,clustered,1,2.2,0.001,1,200.0,True,17495,87.475,8.21999999999987,1909.772786458333,1909.772786458333
229,5,1,clustered,1,2.4,0.001,1,200.0,True,17602,88.01,7.939999999999875,2271.0972222222217,2271.0972222222217
230,5,1,clustered,1,2.6,0.001,1,200.0,True,17697,88.485,7.6899999999998805,2668.9144965277774,2668.9144965277774
231,5,1,clustered,1,0.6,0.005,1,200.0,True,15315,76.575,13.889999999999748,2198.131510416666,2198.131510416666
232,5,1,clustered,1,0.8,0.005,1,200.0,True,15907,79.535,12.36999999999978,3908.9826388888882,3908.9826388888882
233,5,1,clustered,1,1.0,0.005,1,200.0,True,16321,81.605,11.309999999999803,6080.773003472221,6080.773003472221
234,5,1,clustered,1,1.2,0.005,1,200.0,True,16630,83.15,10.51999999999982,8792.526041666664,8792.526041666664
235,5,1,clustered,1,1.4,0.005,1,200.0,True,16874,84.37,9.879999999999834,11903.83940972222,11903.83940972222
236,5,1,clustered,1,1.6,0.005,1,200.0,True,17071,85.355,9.369999999999845,15635.930555555553,15635.930555555553
237,5,1,clustered,1,1.8,0.005,1,200.0,True,17235,86.175,8.939999999999854,19757.590277777774,19757.590277777774
238,5,1,clustered,1,2.0,0.005,1,200.0,True,17375,86.875,8.559999999999862,24323.092013888883,24323.092013888883
239,5,1,clustered,1,2.2,0.005,1,200.0,True,17495,87.475,8.239999999999869,29552.381944444438,29552.381944444438
240,5,1,clustered,1,2.4,0.005,1,200.0,True,17601,88.005,7.959999999999875,35170.10416666666,35170.10416666666
241,5,1,clustered,1,2.6,0.005,1,200.0,True,17694,88.47,7.70999999999988,41056.934027777774,41056.934027777774
242,5,1,clustered,1,0.6,0.001,1,500.0,True,45185,90.37,13.83999999999975,4918.717881944443,4918.717881944443
243,5,1,clustered,1,0.8,0.001,1,500.0,True,45835,91.67,12.329999999999782,8713.734374999998,8713.734374999998
244,5,1,clustered,1,1.0,0.001,1,500.0,True,46277,92.554,11.279999999999804,13746.928819444442,13746.928819444442
245,5,1,clustered,1,1.2,0.001,1,500.0,True,46604,93.208,10.479999999999821,19674.871527777774,19674.871527777774
246,5,1,clustered,1,1.4,0.001,1,500.0,True,46857,93.714,9.849999999999834,26689.725694444438,26689.725694444438
247,5,1,clustered,1,1.6,0.001,1,500.0,True,47061,94.122,9.339999999999845,34854.93749999999,34854.93749999999
248,5,1,clustered,1,1.8,0.001,1,500.0,True,47229,94.458,8.909999999999854,43739.68749999999,43739.68749999999
249,5,1,clustered,1,2.0,0.001,1,500.0,True,47373,94.746,8.539999999999862,54987.71527777777,54987.71527777777
250,5,1,clustered,1,2.2,0.001,1,500.0,True,47495,94.99,8.21999999999987,66107.12499999999,66107.12499999999
251,5,1,clustered,1,2.4,0.001,1,500.0,True,47602,95.204,7.939999999999875,78699.4861111111,78699.4861111111
252,5,1,clustered,1,2.6,0.001,1,500.0,True,47697,95.394,7.6899999999998805,92436.74305555553,92436.74305555553
253,5,1,clustered,1,0.6,0.005,1,500.0,True,45315,90.63,13.889999999999748,111111111.11111109,111111111.11111109
254,5,1,clustered,1,0.8,0.005,1,500.0,True,45907,91.814,12.36999999999978,111111111.11111109,111111111.11111109
255,5,1,clustered,1,1.0,0.005,1,500.0,True,46321,92.642,11.309999999999803,111111111.11111109,111111111.11111109
256,5,1,clustered,1,1.2,0.005,1,500.0,True,46630,93.26,10.51999999999982,111111111.11111109,111111111.11111109
257,5,1,clustered,1,1.4,0.005,1,500.0,True,46874,93.748,9.879999999999834,111111111.11111109,111111111.11111109
258,5,1,clustered,1,1.6,0.005,1,500.0,True,47071,94.142,9.369999999999845,111111111.11111109,111111111.11111109
259,5,1,clustered,1,1.8,0.005,1,500.0,True,47235,94.47,8.939999999999854,111111111.11111109,111111111.11111109
260,5,1,clustered,1,2.0,0.005,1,500.0,True,47375,94.75,8.559999999999862,111111111.11111109,111111111.11111109
261,5,1,clustered,1,2.2,0.005,1,500.0,True,47495,94.99,8.239999999999869,111111111.11111109,111111111.11111109
262,5,1,clustered,1,2.4,0.005,1,500.0,True,47601,95.202,7.959999999999875,111111111.11111109,111111111.11111109
263,5,1,clustered,1,2.6,0.005,1,500.0,True,47694,95.388,7.70999999999988,111111111.11111109,111111111.11111109
264,5,2,symmetric,0,0.6,0.001,1,100.0,True,6604,66.04,10.479999999999821,37.55410766601562,37.55410766601562
265,5,2,symmetric,0,0.8,0.001,1,100.0,True,7061,70.61,9.339999999999845,66.80543348524304,66.80543348524304
266,5,2,symmetric,0,1.0,0.001,1,100.0,True,7373,73.73,8.539999999999862,104.39712185329859,104.39712185329859
267,5,2,symmetric,0,1.2,0.001,1,100.0,True,7602,76.02,7.939999999999875,150.21643066406247,150.21643066406247
268,5,2,symmetric,0,1.4,0.001,1,100.0,True,7781,77.81,7.459999999999885,204.46384006076386,204.46384006076386
269,5,2,symmetric,0,1.6,0.001,1,100.0,True,7925,79.25,7.0799999999998935,267.2217339409722,267.2217339409722
270,5,2,symmetric,0,1.8,0.001,1,100.0,True,8044,80.44,6.7499999999999005,338.3675672743055,338.3675672743055
271,5,2,symmetric,0,2.0,0.001,1,100.0,True,8145,81.45,6.4699999999999065,417.58848741319434,417.58848741319434
272,5,2,symmetric,0,2.2,0.001,1,100.0,True,8231,82.31,6.229999999999912,505.1385633680555,505.1385633680555
273,5,2,symmetric,0,2.4,0.001,1,100.0,True,8307,83.07,6.009999999999916,600.8657226562499,600.8657226562499
274,5,2,symmetric,0,2.6,0.001,1,100.0,True,8373,83.73,5.81999999999992,705.335232204861,705.335232204861
275,5,2,symmetric,0,0.6,0.005,1,100.0,True,6630,66.3,10.51999999999982,72.7999538845486,72.7999538845486
276,5,2,symmetric,0,0.8,0.005,1,100.0,True,7071,70.71,9.369999999999845,129.26924641927081,129.26924641927081
277,5,2,symmetric,0,1.0,0.005,1,100.0,True,7375,73.75,8.569999999999862,201.9540879991319,201.9540879991319
278,5,2,symmetric,0,1.2,0.005,1,100.0,True,7601,76.01,7.959999999999875,291.1998155381944,291.1998155381944
279,5,2,symmetric,0,1.4,0.005,1,100.0,True,7777,77.77,7.479999999999885,396.0007052951388,396.0007052951388
280,5,2,symmetric,0,1.6,0.005,1,100.0,True,7920,79.2,7.089999999999893,517.0769856770833,517.0769856770833
281,5,2,symmetric,0,1.8,0.005,1,100.0,True,8039,80.39,6.7599999999999,655.0799696180554,655.0799696180554
282,5,2,symmetric,0,2.0,0.005,1,100.0,True,8138,81.38,6.479999999999906,807.8163519965276,807.8163519965276
283,5,2,symmetric,0,2.2,0.005,1,100.0,True,8225,82.25,6.239999999999911,979.4256727430554,979.4256727430554
284,5,2,symmetric,0,2.4,0.005,1,100.0,True,8301,83.01,6.029999999999916,1164.7992621527776,1164.7992621527776
285,5,2,symmetric,0,2.6,0.005,1,100.0,True,8367,83.67,5.82999999999992,1365.9965277777776,1365.9965277777776
286,5,2,symmetric,0,0.6,0.001,1,200.0,True,16604,83.02,10.479999999999821,568.5728081597222,568.5728081597222
287,5,2,symmetric,0,0.8,0.001,1,200.0,True,17061,85.305,9.339999999999845,1012.8095703124998,1012.8095703124998
288,5,2,symmetric,0,1.0,0.001,1,200.0,True,17373,86.865,8.539999999999862,1581.5858289930552,1581.5858289930552
289,5,2,symmetric,0,1.2,0.001,1,200.0,True,17602,88.01,7.939999999999875,2274.2912326388887,2274.2912326388887
290,5,2,symmetric,0,1.4,0.001,1,200.0,True,17781,88.905,7.459999999999885,3094.885416666666,3094.885416666666
291,5,2,symmetric,0,1.6,0.001,1,200.0,True,17925,89.625,7.0799999999998935,4051.238281249999,4051.238281249999
292,5,2,symmetric,0,1.8,0.001,1,200.0,True,18044,90.22,6.7499999999999005,5133.313368055555,5133.313368055555
293,5,2,symmetric,0,2.0,0.001,1,200.0,True,18145,90.725,6.4699999999999065,6326.343315972221,6326.343315972221
294,5,2,symmetric,0,2.2,0.001,1,200.0,True,18231,91.155,6.229999999999912,7646.180555555554,7646.180555555554
295,5,2,symmetric,0,2.4,0.001,1,200.0,True,18307,91.535,6.009999999999916,9097.164930555555,9097.164930555555
296,5,2,symmetric,0,2.6,0.001,1,200.0,True,18373,91.865,5.81999999999992,10644.026041666664,10644.026041666664
297,5,2,symmetric,0,0.6,0.005,1,200.0,True,16630,83.15,10.51999999999982,8741.874999999998,8741.874999999998
298,5,2,symmetric,0,0.8,0.005,1,200.0,True,17071,85.355,9.369999999999845,15650.479166666664,15650.479166666664
299,5,2,symmetric,0,1.0,0.005,1,200.0,True,17375,86.875,8.569999999999862,24418.423611111106,24418.423611111106
300,5,2,symmetric,0,1.2,0.005,1,200.0,True,17601,88.005,7.959999999999875,34967.49999999999,34967.49999999999
301,5,2,symmetric,0,1.4,0.005,1,200.0,True,17777,88.885,7.479999999999885,47705.37152777777,47705.37152777777
302,5,2,symmetric,0,1.6,0.005,1,200.0,True,17920,89.6,7.089999999999893,62601.91666666666,62601.91666666666
303,5,2,symmetric,0,1.8,0.005,1,200.0,True,18039,90.195,6.7599999999999,78789.37499999999,78789.37499999999
304,5,2,symmetric,0,2.0,0.005,1,200.0,True,18138,90.69,6.479999999999906,97673.69444444442,97673.69444444442
305,5,2,symmetric,0,2.2,0.005,1,200.0,True,18225,91.125,6.239999999999911,117707.1111111111,117707.1111111111
306,5,2,symmetric,0,2.4,0.005,1,200.0,True,18301,91.505,6.029999999999916,139869.99999999997,139869.99999999997
307,5,2,symmetric,0,2.6,0.005,1,200.0,True,18367,91.835,5.82999999999992,164632.2222222222,164632.2222222222
308,5,2,symmetric,0,0.6,0.001,1,500.0,True,46604,93.208,10.479999999999821,19632.80034722222,19632.80034722222
309,5,2,symmetric,0,0.8,0.001,1,500.0,True,47061,94.122,9.339999999999845,34864.152777777774,34864.152777777774
310,5,2,symmetric,0,1.0,0.001,1,500.0,True,47373,94.746,8.539999999999862,54787.795138888876,54787.795138888876
311,5,2,symmetric,0,1.2,0.001,1,500.0,True,47602,95.204,7.939999999999875,78531.20138888888,78531.20138888888
312,5,2,symmetric,0,1.4,0.001,1,500.0,True,47781,95.562,7.459999999999885,106425.06944444442,106425.06944444442
313,5,2,symmetric,0,1.6,0.001,1,500.0,True,47925,95.85,7.0799999999998935,139456.6111111111,139456.6111111111
314,5,2,symmetric,0,1.8,0.001,1,500.0,True,48044,96.088,6.7499999999999005,174117.87499999997,174117.87499999997
315,5,2,symmetric,0,2.0,0.001,1,500.0,True,48145,96.29,6.4699999999999065,219151.1805555555,219151.1805555555
316,5,2,symmetric,0,2.2,0.001,1,500.0,True,48231,96.462,6.229999999999912,264286.86111111107,264286.86111111107
317,5,2,symmetric,0,2.4,0.001,1,500.0,True,48307,96.614,6.009999999999916,314124.8055555555,314124.8055555555
318,5,2,symmetric,0,2.6,0.001,1,500.0,True,48373,96.746,5.81999999999992,367483.4444444444,367483.4444444444
319,5,2,symmetric,0,0.6,0.005,1,500.0,True,46630,93.26,10.51999999999982,111111111.11111109,111111111.11111109
320,5,2,symmetric,0,0.8,0.005,1,500.0,True,47071,94.142,9.369999999999845,111111111.11111109,111111111.11111109
321,5,2,symmetric,0,1.0,0.005,1,500.0,True,47375,94.75,8.569999999999862,111111111.11111109,111111111.11111109
322,5,2,symmetric,0,1.2,0.005,1,500.0,True,47601,95.202,7.959999999999875,111111111.11111109,111111111.11111109
323,5,2,symmetric,0,1.4,0.005,1,500.0,True,47777,95.554,7.479999999999885,111111111.11111109,111111111.11111109
324,5,2,symmetric,0,1.6,0.005,1,500.0,True,47920,95.84,7.089999999999893,111111111.11111109,111111111.11111109
325,5,2,symmetric,0,1.8,0.005,1,500.0,True,48039,96.078,6.7599999999999,111111111.11111109,111111111.11111109
326,5,2,symmetric,0,2.0,0.005,1,500.0,True,48138,96.276,6.479999999999906,111111111.11111109,111111111.11111109
327,5,2,symmetric,0,2.2,0.005,1,500.0,True,48225,96.45,6.239999999999911,111111111.11111109,111111111.11111109
328,5,2,symmetric,0,2.4,0.005,1,500.0,True,48301,96.602,6.029999999999916,111111111.11111109,111111111.11111109
329,5,2,symmetric,0,2.6,0.005,1,500.0,True,48367,96.734,5.82999999999992,111111111.11111109,111111111.11111109
330,5,2,symmetric,1,0.6,0.001,1,100.0,True,6604,66.04,10.479999999999821,37.55410766601562,37.55410766601562
331,5,2,symmetric,1,0.8,0.001,1,100.0,True,7061,70.61,9.339999999999845,66.80543348524304,66.80543348524304
332,5,2,symmetric,1,1.0,0.001,1,100.0,True,7373,73.73,8.539999999999862,104.39712185329859,104.39712185329859
333,5,2,symmetric,1,1.2,0.001,1,100.0,True,7602,76.02,7.939999999999875,150.21643066406247,150.21643066406247
334,5,2,symmetric,1,1.4,0.001,1,100.0,True,7781,77.81,7.459999999999885,204.46384006076386,204.46384006076386
335,5,2,symmetric,1,1.6,0.001,1,100.0,True,7925,79.25,7.0799999999998935,267.2217339409722,267.2217339409722
336,5,2,symmetric,1,1.8,0.001,1,100.0,True,8044,80.44,6.7499999999999005,338.3675672743055,338.3675672743055
337,5,2,symmetric,1,2.0,0.001,1,100.0,True,8145,81.45,6.4699999999999065,417.58848741319434,417.58848741319434
338,5,2,symmetric,1,2.2,0.001,1,100.0,True,8231,82.31,6.229999999999912,505.1385633680555,505.1385633680555
339,5,2,symmetric,1,2.4,0.001,1,100.0,True,8307,83.07,6.009999999999916,600.8657226562499,600.8657226562499
340,5,2,symmetric,1,2.6,0.001,1,100.0,True,8373,83.73,5.81999999999992,705.335232204861,705.335232204861
341,5,2,symmetric,1,0.6,0.005,1,100.0,True,6630,66.3,10.51999999999982,72.7999538845486,72.7999538845486
342,5,2,symmetric,1,0.8,0.005,1,100.0,True,7071,70.71,9.369999999999845,129.26924641927081,129.26924641927081
343,5,2,symmetric,1,1.0,0.005,1,100.0,True,7375,73.75,8.569999999999862,201.9540879991319,201.9540879991319
344,5,2,symmetric,1,1.2,0.005,1,100.0,True,7601,76.01,7.959999999999875,291.1998155381944,291.1998155381944
345,5,2,symmetric,1,1.4,0.005,1,100.0,True,7777,77.77,7.479999999999885,396.0007052951388,396.0007052951388
346,5,2,symmetric,1,1.6,0.005,1,100.0,True,7920,79.2,7.089999999999893,517.0769856770833,517.0769856770833
347,5,2,symmetric,1,1.8,0.005,1,100.0,True,8039,80.39,6.7599999999999,655.0799696180554,655.0799696180554
348,5,2,symmetric,1,2.0,0.005,1,100.0,True,8138,81.38,6.479999999999906,807.8163519965276,807.8163519965276
349,5,2,symmetric,1,2.2,0.005,1,100.0,True,8225,82.25,6.239999999999911,979.4256727430554,979.4256727430554
350,5,2,symmetric,1,2.4,0.005,1,100.0,True,8301,83.01,6.029999999999916,1164.7992621527776,1164.7992621527776
351,5,2,symmetric,1,2.6,0.005,1,100.0,True,8367,83.67,5.82999999999992,1365.9965277777776,1365.9965277777776
352,5,2,symmetric,1,0.6,0.001,1,200.0,True,16604,83.02,10.479999999999821,568.5728081597222,568.5728081597222
353,5,2,symmetric,1,0.8,0.001,1,200.0,True,17061,85.305,9.339999999999845,1012.8095703124998,1012.8095703124998
354,5,2,symmetric,1,1.0,0.001,1,200.0,True,17373,86.865,8.539999999999862,1581.5858289930552,1581.5858289930552
355,5,2,symmetric,1,1.2,0.001,1,200.0,True,17602,88.01,7.939999999999875,2274.2912326388887,2274.2912326388887
356,5,2,symmetric,1,1.4,0.001,1,200.0,True,17781,88.905,7.459999999999885,3094.885416666666,3094.885416666666
357,5,2,symmetric,1,1.6,0.001,1,200.0,True,17925,89.625,7.0799999999998935,4051.238281249999,4051.238281249999
358,5,2,symmetric,1,1.8,0.001,1,200.0,True,18044,90.22,6.7499999999999005,5133.313368055555,5133.313368055555
359,5,2,symmetric,1,2.0,0.001,1,200.0,True,18145,90.725,6.4699999999999065,6326.343315972221,6326.343315972221
360,5,2,symmetric,1,2.2,0.001,1,200.0,True,18231,91.155,6.229999999999912,7646.180555555554,7646.180555555554
361,5,2,symmetric,1,2.4,0.001,1,200.0,True,18307,91.535,6.009999999999916,9097.164930555555,9097.164930555555
362,5,2,symmetric,1,2.6,0.001,1,200.0,True,18373,91.865,5.81999999999992,10644.026041666664,10644.026041666664
363,5,2,symmetric,1,0.6,0.005,1,200.0,True,16630,83.15,10.51999999999982,8741.874999999998,8741.874999999998
364,5,2,symmetric,1,0.8,0.005,1,200.0,True,17071,85.355,9.369999999999845,15650.479166666664,15650.479166666664
365,5,2,symmetric,1,1.0,0.005,1,200.0,True,17375,86.875,8.569999999999862,24418.423611111106,24418.423611111106
366,5,2,symmetric,1,1.2,0.005,1,200.0,True,17601,88.005,7.959999999999875,34967.49999999999,34967.49999999999
367,5,2,symmetric,1,1.4,0.005,1,200.0,True,17777,88.885,7.479999999999885,47705.37152777777,47705.37152777777
368,5,2,symmetric,1,1.6,0.005,1,200.0,True,17920,89.6,7.089999999999893,62601.91666666666,62601.91666666666
369,5,2,symmetric,1,1.8,0.005,1,200.0,True,18039,90.195,6.7599999999999,78789.37499999999,78789.37499999999
370,5,2,symmetric,1,2.0,0.005,1,200.0,True,18138,90.69,6.479999999999906,97673.69444444442,97673.69444444442
371,5,2,symmetric,1,2.2,0.005,1,200.0,True,18225,91.125,6.239999999999911,117707.1111111111,117707.1111111111
372,5,2,symmetric,1,2.4,0.005,1,200.0,True,18301,91.505,6.029999999999916,139869.99999999997,139869.99999999997
373,5,2,symmetric,1,2.6,0.005,1,200.0,True,18367,91.835,5.82999999999992,164632.2222222222,164632.2222222222
374,5,2,symmetric,1,0.6,0.001,1,500.0,True,46604,93.208,10.479999999999821,19632.80034722222,19632.80034722222
375,5,2,symmetric,1,0.8,0.001,1,500.0,True,47061,94.122,9.339999999999845,34864.152777777774,34864.152777777774
376,5,2,symmetric,1,1.0,0.001,1,500.0,True,47373,94.746,8.539999999999862,54787.795138888876,54787.795138888876
377,5,2,symmetric,1,1.2,0.001,1,500.0,True,47602,95.204,7.939999999999875,78531.20138888888,78531.20138888888
378,5,2,symmetric,1,1.4,0.001,1,500.0,True,47781,95.562,7.459999999999885,106425.06944444442,106425.06944444442
379,5,2,symmetric,1,1.6,0.001,1,500.0,True,47925,95.85,7.0799999999998935,139456.6111111111,139456.6111111111
380,5,2,symmetric,1,1.8,0.001,1,500.0,True,48044,96.088,6.7499999999999005,174117.87499999997,174117.87499999997
381,5,2,symmetric,1,2.0,0.001,1,500.0,True,48145,96.29,6.4699999999999065,219151.1805555555,219151.1805555555
382,5,2,symmetric,1,2.2,0.001,1,500.0,True,48231,96.462,6.229999999999912,264286.86111111107,264286.86111111107
383,5,2,symmetric,1,2.4,0.001,1,500.0,True,48307,96.614,6.009999999999916,314124.8055555555,314124.8055555555
384,5,2,symmetric,1,2.6,0.001,1,500.0,True,48373,96.746,5.81999999999992,367483.4444444444,367483.4444444444
385,5,2,symmetric,1,0.6,0.005,1,500.0,True,46630,93.26,10.51999999999982,111111111.11111109,111111111.11111109
386,5,2,symmetric,1,0.8,0.005,1,500.0,True,47071,94.142,9.369999999999845,111111111.11111109,111111111.11111109
387,5,2,symmetric,1,1.0,0.005,1,500.0,True,47375,94.75,8.569999999999862,111111111.11111109,111111111.11111109
388,5,2,symmetric,1,1.2,0.005,1,500.0,True,47601,95.202,7.959999999999875,111111111.11111109,111111111.11111109
389,5,2,symmetric,1,1.4,0.005,1,500.0,True,47777,95.554,7.479999999999885,111111111.11111109,111111111.11111109
390,5,2,symmetric,1,1.6,0.005,1,500.0,True,47920,95.84,7.089999999999893,111111111.11111109,111111111.11111109
391,5,2,symmetric,1,1.8,0.005,1,500.0,True,48039,96.078,6.7599999999999,111111111.11111109,111111111.11111109
392,5,2,symmetric,1,2.0,0.005,1,500.0,True,48138,96.276,6.479999999999906,111111111.11111109,111111111.11111109
393,5,2,symmetric,1,2.2,0.005,1,500.0,True,48225,96.45,6.239999999999911,111111111.11111109,111111111.11111109
394,5,2,symmetric,1,2.4,0.005,1,500.0,True,48301,96.602,6.029999999999916,111111111.11111109,111111111.11111109
395,5,2,symmetric,1,2.6,0.005,1,500.0,True,48367,96.734,5.82999999999992,111111111.11111109,111111111.11111109
396,5,2,clustered,0,0.6,0.001,1,100.0,True,6604,66.04,10.479999999999821,37.57969156901041,37.57969156901041
397,5,2,clustered,0,0.8,0.001,1,100.0,True,7061,70.61,9.339999999999845,66.78549533420137,66.78549533420137
398,5,2,clustered,0,1.0,0.001,1,100.0,True,7373,73.73,8.539999999999862,104.40462917751734,104.40462917751734
399,5,2,clustered,0,1.2,0.001,1,100.0,True,7602,76.02,7.939999999999875,150.31876627604163,150.31876627604163
400,5,2,clustered,0,1.4,0.001,1,100.0,True,7781,77.81,7.459999999999885,204.46595594618051,204.46595594618051
401,5,2,clustered,0,1.6,0.001,1,100.0,True,7925,79.25,7.0799999999998935,267.1419813368055,267.1419813368055
402,5,2,clustered,0,1.8,0.001,1,100.0,True,8044,80.44,6.7499999999999005,338.0116644965277,338.0116644965277
403,5,2,clustered,0,2.0,0.001,1,100.0,True,8145,81.45,6.4699999999999065,417.61851671006934,417.61851671006934
404,5,2,clustered,0,2.2,0.001,1,100.0,True,8231,82.31,6.229999999999912,505.0656467013888,505.0656467013888
405,5,2,clustered,0,2.4,0.001,1,100.0,True,8307,83.07,6.009999999999916,601.2750651041665,601.2750651041665
406,5,2,clustered,0,2.6,0.001,1,100.0,True,8373,83.73,5.81999999999992,705.1544053819443,705.1544053819443
407,5,2,clustered,0,0.6,0.005,1,100.0,True,6630,66.3,10.51999999999982,72.84991455078124,72.84991455078124
408,5,2,clustered,0,0.8,0.005,1,100.0,True,7071,70.71,9.369999999999845,129.3056911892361,129.3056911892361
409,5,2,clustered,0,1.0,0.005,1,100.0,True,7375,73.75,8.569999999999862,201.89823404947913,201.89823404947913
410,5,2,clustered,0,1.2,0.005,1,100.0,True,7601,76.01,7.959999999999875,291.39965820312494,291.39965820312494
411,5,2,clustered,0,1.4,0.005,1,100.0,True,7777,77.77,7.479999999999885,395.9924858940972,395.9924858940972
412,5,2,clustered,0,1.6,0.005,1,100.0,True,7920,79.2,7.089999999999893,517.2227647569443,517.2227647569443
413,5,2,clustered,0,1.8,0.005,1,100.0,True,8039,80.39,6.7599999999999,655.0850694444443,655.0850694444443
414,5,2,clustered,0,2.0,0.005,1,100.0,True,8138,81.38,6.479999999999906,807.5929361979165,807.5929361979165
415,5,2,clustered,0,2.2,0.005,1,100.0,True,8225,82.25,6.239999999999911,976.4648437499998,976.4648437499998
416,5,2,clustered,0,2.4,0.005,1,100.0,True,8301,83.01,6.029999999999916,1165.5986328124998,1165.5986328124998
417,5,2,clustered,0,2.6,0.005,1,100.0,True,8367,83.67,5.82999999999992,1367.0922309027776,1367.0922309027776
418,5,2,clustered,0,0.6,0.001,1,200.0,True,16604,83.02,10.479999999999821,569.7157118055554,569.7157118055554
419,5,2,clustered,0,0.8,0.001,1,200.0,True,17061,85.305,9.339999999999845,1010.9401041666665,1010.9401041666665
420,5,2,clustered,0,1.0,0.001,1,200.0,True,17373,86.865,8.539999999999862,1579.6834852430552,1579.6834852430552
421,5,2,clustered,0,1.2,0.001,1,200.0,True,17602,88.01,7.939999999999875,2278.8628472222217,2278.8628472222217
422,5,2,clustered,0,1.4,0.001,1,200.0,True,17781,88.905,7.459999999999885,3095.4025607638882,3095.4025607638882
423,5,2,clustered,0,1.6,0.001,1,200.0,True,17925,89.625,7.0799999999998935,4043.760416666666,4043.760416666666
424,5,2,clustered,0,1.8,0.001,1,200.0,True,18044,90.22,6.7499999999999005,5115.153645833332,5115.153645833332
425,5,2,clustered,0,2.0,0.001,1,200.0,True,18145,90.725,6.4699999999999065,6318.733940972221,6318.733940972221
426,5,2,clustered,0,2.2,0.001,1,200.0,True,18231,91.155,6.229999999999912,7628.459201388888,7628.459201388888
427,5,2,clustered,0,2.4,0.001,1,200.0,True,18307,91.535,6.009999999999916,9115.451388888887,9115.451388888887
428,5,2,clustered,0,2.6,0.001,1,200.0,True,18373,91.865,5.81999999999992,10670.440104166664,10670.440104166664
429,5,2,clustered,0,0.6,0.005,1,200.0,True,16630,83.15,10.51999999999982,8845.772569444443,8845.772569444443
430,5,2,clustered,0,0.8,0.005,1,200.0,True,17071,85.355,9.369999999999845,15605.119791666664,15605.119791666664
431,5,2,clustered,0,1.0,0.005,1,200.0,True,17375,86.875,8.569999999999862,24373.86458333333,24373.86458333333
432,5,2,clustered,0,1.2,0.005,1,200.0,True,17601,88.005,7.959999999999875,35383.090277777774,35383.090277777774
433,5,2,clustered,0,1.4,0.005,1,200.0,True,17777,88.885,7.479999999999885,47938.34722222221,47938.34722222221
434,5,2,clustered,0,1.6,0.005,1,200.0,True,17920,89.6,7.089999999999893,62420.47916666666,62420.47916666666
435,5,2,clustered,0,1.8,0.005,1,200.0,True,18039,90.195,6.7599999999999,79145.02083333331,79145.02083333331
436,5,2,clustered,0,2.0,0.005,1,200.0,True,18138,90.69,6.479999999999906,97495.45833333331,97495.45833333331
437,5,2,clustered,0,2.2,0.005,1,200.0,True,18225,91.125,6.239999999999911,117143.45833333331,117143.45833333331
438,5,2,clustered,0,2.4,0.005,1,200.0,True,18301,91.505,6.029999999999916,141532.3611111111,141532.3611111111
439,5,2,clustered,0,2.6,0.005,1,200.0,True,18367,91.835,5.82999999999992,164146.79166666663,164146.79166666663
440,5,2,clustered,0,0.6,0.001,1,500.0,True,46604,93.208,10.479999999999821,19672.079861111106,19672.079861111106
441,5,2,clustered,0,0.8,0.001,1,500.0,True,47061,94.122,9.339999999999845,34490.59722222222,34490.59722222222
442,5,2,clustered,0,1.0,0.001,1,500.0,True,47373,94.746,8.539999999999862,54312.357638888876,54312.357638888876
443,5,2,clustered,0,1.2,0.001,1,500.0,True,47602,95.204,7.939999999999875,78688.31944444442,78688.31944444442
444,5,2,clustered,0,1.4,0.001,1,500.0,True,47781,95.562,7.459999999999885,106933.4097222222,106933.4097222222
445,5,2,clustered,0,1.6,0.001,1,500.0,True,47925,95.85,7.0799999999998935,137962.38888888888,137962.38888888888
446,5,2,clustered,0,1.8,0.001,1,500.0,True,48044,96.088,6.7499999999999005,175137.74999999997,175137.74999999997
447,5,2,clustered,0,2.0,0.001,1,500.0,True,48145,96.29,6.4699999999999065,217249.4305555555,217249.4305555555
448,5,2,clustered,0,2.2,0.001,1,500.0,True,48231,96.462,6.229999999999912,264703.5833333333,264703.5833333333
449,5,2,clustered,0,2.4,0.001,1,500.0,True,48307,96.614,6.009999999999916,314753.2777777777,314753.2777777777
450,5,2,clustered,0,2.6,0.001,1,500.0,True,48373,96.746,5.81999999999992,368676.86111111107,368676.86111111107
451,5,2,clustered,0,0.6,0.005,1,500.0,True,46630,93.26,10.51999999999982,111111111.11111109,111111111.11111109
452,5,2,clustered,0,0.8,0.005,1,500.0,True,47071,94.142,9.369999999999845,111111111.11111109,111111111.11111109
453,5,2,clustered,0,1.0,0.005,1,500.0,True,47375,94.75,8.569999999999862,111111111.11111109,111111111.11111109
454,5,2,clustered,0,1.2,0.005,1,500.0,True,47601,95.202,7.959999999999875,111111111.11111109,111111111.11111109
455,5,2,clustered,0,1.4,0.005,1,500.0,True,47777,95.554,7.479999999999885,111111111.11111109,111111111.11111109
456,5,2,clustered,0,1.6,0.005,1,500.0,True,47920,95.84,7.089999999999893,111111111.11111109,111111111.11111109
457,5,2,clustered,0,1.8,0.005,1,500.0,True,48039,96.078,6.7599999999999,111111111.11111109,111111111.11111109
458,5,2,clustered,0,2.0,0.005,1,500.0,True,48138,96.276,6.479999999999906,111111111.11111109,111111111.11111109
459,5,2,clustered,0,2.2,0.005,1,500.0,True,48225,96.45,6.239999999999911,111111111.11111109,111111111.11111109
460,5,2,clustered,0,2.4,0.005,1,500.0,True,48301,96.602,6.029999999999916,111111111.11111109,111111111.11111109
461,5,2,clustered,0,2.6,0.005,1,500.0,True,48367,96.734,5.82999999999992,111111111.11111109,111111111.11111109
462,5,2,clustered,1,0.6,0.001,1,100.0,True,6604,66.04,10.479999999999821,37.57969156901041,37.57969156901041
463,5,2,clustered,1,0.8,0.001,1,100.0,True,7061,70.61,9.339999999999845,66.78549533420137,66.78549533420137
464,5,2,clustered,1,1.0,0.001,1,100.0,True,7373,73.73,8.539999999999862,104.40462917751734,104.40462917751734
465,5,2,clustered,1,1.2,0.001,1,100.0,True,7602,76.02,7.939999999999875,150.31876627604163,150.31876627604163
466,5,2,clustered,1,1.4,0.001,1,100.0,True,7781,77.81,7.459999999999885,204.46595594618051,204.46595594618051
467,5,2,clustered,1,1.6,0.001,1,100.0,True,7925,79.25,7.0799999999998935,267.1419813368055,267.1419813368055
468,5,2,clustered,1,1.8,0.001,1,100.0,True,8044,80.44,6.7499999999999005,338.0116644965277,338.0116644965277
469,5,2,clustered,1,2.0,0.001,1,100.0,True,8145,81.45,6.4699999999999065,417.61851671006934,417.61851671006934
470,5,2,clustered,1,2.2,0.001,1,100.0,True,8231,82.31,6.229999999999912,505.0656467013888,505.0656467013888
471,5,2,clustered,1,2.4,0.001,1,100.0,True,8307,83.07,6.009999999999916,601.2750651041665,601.2750651041665
472,5,2,clustered,1,2.6,0.001,1,100.0,True,8373,83.73,5.81999999999992,705.1544053819443,705.1544053819443
473,5,2,clustered,1,0.6,0.005,1,100.0,True,6630,66.3,10.51999999999982,72.84991455078124,72.84991455078124
474,5,2,clustered,1,0.8,0.005,1,100.0,True,7071,70.71,9.369999999999845,129.3056911892361,129.3056911892361
475,5,2,clustered,1,1.0,0.005,1,100.0,True,7375,73.75,8.569999999999862,201.89823404947913,201.89823404947913
476,5,2,clustered,1,1.2,0.005,1,100.0,True,7601,76.01,7.959999999999875,291.39965820312494,291.39965820312494
477,5,2,clustered,1,1.4,0.005,1,100.0,True,7777,77.77,7.479999999999885,395.9924858940972,395.9924858940972
478,5,2,clustered,1,1.6,0.005,1,100.0,True,7920,79.2,7.089999999999893,517.2227647569443,517.2227647569443
479,5,2,clustered,1,1.8,0.005,1,100.0,True,8039,80.39,6.7599999999999,655.0850694444443,655.0850694444443
480,5,2,clustered,1,2.0,0.005,1,100.0,True,8138,81.38,6.479999999999906,807.5929361979165,807.5929361979165
481,5,2,clustered,1,2.2,0.005,1,100.0,True,8225,82.25,6.239999999999911,976.4648437499998,976.4648437499998
482,5,2,clustered,1,2.4,0.005,1,100.0,True,8301,83.01,6.029999999999916,1165.5986328124998,1165.5986328124998
483,5,2,clustered,1,2.6,0.005,1,100.0,True,8367,83.67,5.82999999999992,1367.0922309027776,1367.0922309027776
484,5,2,clustered,1,0.6,0.001,1,200.0,True,16604,83.02,10.479999999999821,569.7157118055554,569.7157118055554
485,5,2,clustered,1,0.8,0.001,1,200.0,True,17061,85.305,9.339999999999845,1010.9401041666665,1010.9401041666665
486,5,2,clustered,1,1.0,0.001,1,200.0,True,17373,86.865,8.539999999999862,1579.6834852430552,1579.6834852430552
487,5,2,clustered,1,1.2,0.001,1,200.0,True,17602,88.01,7.939999999999875,2278.8628472222217,2278.8628472222217
488,5,2,clustered,1,1.4,0.001,1,200.0,True,17781,88.905,7.459999999999885,3095.4025607638882,3095.4025607638882
489,5,2,clustered,1,1.6,0.001,1,200.0,True,17925,89.625,7.0799999999998935,4043.760416666666,4043.760416666666
490,5,2,clustered,1,1.8,0.001,1,200.0,True,18044,90.22,6.7499999999999005,5115.153645833332,5115.153645833332
491,5,2,clustered,1,2.0,0.001,1,200.0,True,18145,90.725,6.4699999999999065,6318.733940972221,6318.733940972221
492,5,2,clustered,1,2.2,0.001,1,200.0,True,18231,91.155,6.229999999999912,7628.459201388888,7628.459201388888
493,5,2,clustered,1,2.4,0.001,1,200.0,True,18307,91.535,6.009999999999916,9115.451388888887,9115.451388888887
494,5,2,clustered,1,2.6,0.001,1,200.0,True,18373,91.865,5.81999999999992,10670.440104166664,10670.440104166664
495,5,2,clustered,1,0.6,0.005,1,200.0,True,16630,83.15,10.51999999999982,8845.772569444443,8845.772569444443
496,5,2,clustered,1,0.8,0.005,1,200.0,True,17071,85.355,9.369999999999845,15605.119791666664,15605.119791666664
497,5,2,clustered,1,1.0,0.005,1,200.0,True,17375,86.875,8.569999999999862,24373.86458333333,24373.86458333333
498,5,2,clustered,1,1.2,0.005,1,200.0,True,17601,88.005,7.959999999999875,35383.090277777774,35383.090277777774
499,5,2,clustered,1,1.4,0.005,1,200.0,True,17777,88.885,7.479999999999885,47938.34722222221,47938.34722222221
500,5,2,clustered,1,1.6,0.005,1,200.0,True,17920,89.6,7.089999999999893,62420.47916666666,62420.47916666666
501,5,2,clustered,1,1.8,0.005,1,200.0,True,18039,90.195,6.7599999999999,79145.02083333331,79145.02083333331
502,5,2,clustered,1,2.0,0.005,1,200.0,True,18138,90.69,6.479999999999906,97495.45833333331,97495.45833333331
503,5,2,clustered,1,2.2,0.005,1,200.0,True,18225,91.125,6.239999999999911,117143.45833333331,117143.45833333331
504,5,2,clustered,1,2.4,0.005,1,200.0,True,18301,91.505,6.029999999999916,141532.3611111111,141532.3611111111
505,5,2,clustered,1,2.6,0.005,1,200.0,True,18367,91.835,5.82999999999992,164146.79166666663,164146.79166666663
506,5,2,clustered,1,0.6,0.001,1,500.0,True,46604,93.208,10.479999999999821,19672.079861111106,19672.079861111106
507,5,2,clustered,1,0.8,0.001,1,500.0,True,47061,94.122,9.339999999999845,34490.59722222222,34490.59722222222
508,5,2,clustered,1,1.0,0.001,1,500.0,True,47373,94.746,8.539999999999862,54312.357638888876,54312.357638888876
509,5,2,clustered,1,1.2,0.001,1,500.0,True,47602,95.204,7.939999999999875,78688.31944444442,78688.31944444442
510,5,2,clustered,1,1.4,0.001,1,500.0,True,47781,95.562,7.459999999999885,106933.4097222222,106933.4097222222
511,5,2,clustered,1,1.6,0.001,1,500.0,True,47925,95.85,7.0799999999998935,137962.38888888888,137962.38888888888
512,5,2,clustered,1,1.8,0.001,1,500.0,True,48044,96.088,6.7499999999999005,175137.74999999997,175137.74999999997
513,5,2,clustered,1,2.0,0.001,1,500.0,True,48145,96.29,6.4699999999999065,217249.4305555555,217249.4305555555
514,5,2,clustered,1,2.2,0.001,1,500.0,True,48231,96.462,6.229999999999912,264703.5833333333,264703.5833333333
515,5,2,clustered,1,2.4,0.001,1,500.0,True,48307,96.614,6.009999999999916,314753.2777777777,314753.2777777777
516,5,2,clustered,1,2.6,0.001,1,500.0,True,48373,96.746,5.81999999999992,368676.86111111107,368676.86111111107
517,5,2,clustered,1,0.6,0.005,1,500.0,True,46630,93.26,10.51999999999982,111111111.11111109,111111111.11111109
518,5,2,clustered,1,0.8,0.005,1,500.0,True,47071,94.142,9.369999999999845,111111111.11111109,111111111.11111109
519,5,2,clustered,1,1.0,0.005,1,500.0,True,47375,94.75,8.569999999999862,111111111.11111109,111111111.11111109
520,5,2,clustered,1,1.2,0.005,1,500.0,True,47601,95.202,7.959999999999875,111111111.11111109,111111111.11111109
521,5,2,clustered,1,1.4,0.005,1,500.0,True,47777,95.554,7.479999999999885,111111111.11111109,111111111.11111109
522,5,2,clustered,1,1.6,0.005,1,500.0,True,47920,95.84,7.089999999999893,111111111.11111109,111111111.11111109
523,5,2,clustered,1,1.8,0.005,1,500.0,True,48039,96.078,6.7599999999999,111111111.11111109,111111111.11111109
524,5,2,clustered,1,2.0,0.005,1,500.0,True,48138,96.276,6.479999999999906,111111111.11111109,111111111.11111109
525,5,2,clustered,1,2.2,0.005,1,500.0,True,48225,96.45,6.239999999999911,111111111.11111109,111111111.11111109
526,5,2,clustered,1,2.4,0.005,1,500.0,True,48301,96.602,6.029999999999916,111111111.11111109,111111111.11111109
527,5,2,clustered,1,2.6,0.005,1,500.0,True,48367,96.734,5.82999999999992,111111111.11111109,111111111.11111109
528,5,4,symmetric,0,0.6,0.001,1,100.0,True,7602,76.02,7.939999999999875,150.25486924913193,150.25486924913193
529,5,4,symmetric,0,0.8,0.001,1,100.0,True,7925,79.25,7.0799999999998935,267.4907769097222,267.4907769097222
530,5,4,symmetric,0,1.0,0.001,1,100.0,True,8145,81.45,6.4699999999999065,417.37304687499994,417.37304687499994
531,5,4,symmetric,0,1.2,0.001,1,100.0,True,8307,83.07,6.009999999999916,601.0194769965277,601.0194769965277
532,5,4,symmetric,0,1.4,0.001,1,100.0,True,8433,84.33,5.649999999999924,818.0060221354165,818.0060221354165
533,5,4,symmetric,0,1.6,0.001,1,100.0,True,8534,85.34,5.35999999999993,1069.9631076388887,1069.9631076388887
534,5,4,symmetric,0,1.8,0.001,1,100.0,True,8618,86.18,5.1099999999999355,1352.0922309027776,1352.0922309027776
535,5,4,symmetric,0,2.0,0.001,1,100.0,True,8689,86.89,4.89999999999994,1669.4921874999998,1669.4921874999998
536,5,4,symmetric,0,2.2,0.001,1,100.0,True,8751,87.51,4.709999999999944,2019.7530381944441,2019.7530381944441
537,5,4,symmetric,0,2.4,0.001,1,100.0,True,8804,88.04,4.549999999999947,2404.077907986111,2404.077907986111
538,5,4,symmetric,0,2.6,0.001,1,100.0,True,8851,88.51,4.40999999999995,2821.3181423611104,2821.3181423611104
539,5,4,symmetric,0,0.6,0.005,1,100.0,True,7601,76.01,7.959999999999875,291.37337239583326,291.37337239583326
540,5,4,symmetric,0,0.8,0.005,1,100.0,True,7920,79.2,7.089999999999893,517.3446180555554,517.3446180555554
541,5,4,symmetric,0,1.0,0.005,1,100.0,True,8138,81.38,6.489999999999906,808.5450303819443,808.5450303819443
542,5,4,symmetric,0,1.2,0.005,1,100.0,True,8301,83.01,6.029999999999916,1165.493489583333,1165.493489583333
543,5,4,symmetric,0,1.4,0.005,1,100.0,True,8427,84.27,5.6699999999999235,1585.5321180555552,1585.5321180555552
544,5,4,symmetric,0,1.6,0.005,1,100.0,True,8528,85.28,5.36999999999993,2069.3784722222217,2069.3784722222217
545,5,4,symmetric,0,1.8,0.005,1,100.0,True,8612,86.12,5.119999999999935,2620.361111111111,2620.361111111111
546,5,4,symmetric,0,2.0,0.005,1,100.0,True,8684,86.84,4.90999999999994,3234.1801215277774,3234.1801215277774
547,5,4,symmetric,0,2.2,0.005,1,100.0,True,8745,87.45,4.719999999999944,3906.8888888888882,3906.8888888888882
548,5,4,symmetric,0,2.4,0.005,1,100.0,True,8799,87.99,4.559999999999947,4661.973958333332,4661.973958333332
549,5,4,symmetric,0,2.6,0.005,1,100.0,True,8846,88.46,4.41999999999995,5472.735243055555,5472.735243055555
550,5,4,symmetric,0,0.6,0.001,1,200.0,True,17602,88.01,7.939999999999875,2271.2875434027774,2271.2875434027774
551,5,4,symmetric,0,0.8,0.001,1,200.0,True,17925,89.625,7.0799999999998935,4060.789062499999,4060.789062499999
552,5,4,symmetric,0,1.0,0.001,1,200.0,True,18145,90.725,6.4699999999999065,6334.278645833332,6334.278645833332
553,5,4,symmetric,0,1.2,0.001,1,200.0,True,18307,91.535,6.009999999999916,9085.15017361111,9085.15017361111
554,5,4,symmetric,0,1.4,0.001,1,200.0,True,18433,92.165,5.649999999999924,12326.789062499998,12326.789062499998
555,5,4,symmetric,0,1.6,0.001,1,200.0,True,18534,92.67,5.35999999999993,16243.156249999996,16243.156249999996
556,5,4,symmetric,0,1.8,0.001,1,200.0,True,18618,93.09,5.1099999999999355,20498.104166666664,20498.104166666664
557,5,4,symmetric,0,2.0,0.001,1,200.0,True,18689,93.445,4.89999999999994,25337.11458333333,25337.11458333333
558,5,4,symmetric,0,2.2,0.001,1,200.0,True,18751,93.755,4.709999999999944,30511.465277777774,30511.465277777774
559,5,4,symmetric,0,2.4,0.001,1,200.0,True,18804,94.02,4.549999999999947,36340.60069444444,36340.60069444444
560,5,4,symmetric,0,2.6,0.001,1,200.0,True,18851,94.255,4.40999999999995,42578.66319444444,42578.66319444444
561,5,4,symmetric,0,0.6,0.005,1,200.0,True,17601,88.005,7.959999999999875,35182.13194444444,35182.13194444444
562,5,4,symmetric,0,0.8,0.005,1,200.0,True,17920,89.6,7.089999999999893,62846.45833333332,62846.45833333332
563,5,4,symmetric,0,1.0,0.005,1,200.0,True,18138,90.69,6.489999999999906,96569.15277777777,96569.15277777777
564,5,4,symmetric,0,1.2,0.005,1,200.0,True,18301,91.505,6.029999999999916,140728.52777777775,140728.52777777775
565,5,4,symmetric,0,1.4,0.005,1,200.0,True,18427,92.135,5.6699999999999235,191875.66666666663,191875.66666666663
566,5,4,symmetric,0,1.6,0.005,1,200.0,True,18528,92.64,5.36999999999993,251385.83333333328,251385.83333333328
567,5,4,symmetric,0,1.8,0.005,1,200.0,True,18612,93.06,5.119999999999935,316167.61111111107,316167.61111111107
568,5,4,symmetric,0,2.0,0.005,1,200.0,True,18684,93.42,4.90999999999994,386276.61111111107,386276.61111111107
569,5,4,symmetric,0,2.2,0.005,1,200.0,True,18745,93.725,4.719999999999944,466931.111111111,466931.111111111
570,5,4,symmetric,0,2.4,0.005,1,200.0,True,18799,93.995,4.559999999999947,562914.111111111,562914.111111111
571,5,4,symmetric,0,2.6,0.005,1,200.0,True,18846,94.23,4.41999999999995,661461.8333333333,661461.8333333333
572,5,4,symmetric,0,0.6,0.001,1,500.0,True,47602,95.204,7.939999999999875,78229.29166666666,78229.29166666666
573,5,4,symmetric,0,0.8,0.001,1,500.0,True,47925,95.85,7.0799999999998935,139444.37499999997,139444.37499999997
574,5,4,symmetric,0,1.0,0.001,1,500.0,True,48145,96.29,6.4699999999999065,216314.74999999997,216314.74999999997
575,5,4,symmetric,0,1.2,0.001,1,500.0,True,48307,96.614,6.009999999999916,312917.1666666666,312917.1666666666
576,5,4,symmetric,0,1.4,0.001,1,500.0,True,48433,96.866,5.649999999999924,423990.22222222213,423990.22222222213
577,5,4,symmetric,0,1.6,0.001,1,500.0,True,48534,97.068,5.35999999999993,557777.4999999999,557777.4999999999
578,5,4,symmetric,0,1.8,0.001,1,500.0,True,48618,97.236,5.1099999999999355,697657.2222222221,697657.2222222221
579,5,4,symmetric,0,2.0,0.001,1,500.0,True,48689,97.378,4.89999999999994,865258.9999999999,865258.9999999999
580,5,4,symmetric,0,2.2,0.001,1,500.0,True,48751,97.502,4.709999999999944,1046463.6666666665,1046463.6666666665
581,5,4,symmetric,0,2.4,0.001,1,500.0,True,48804,97.608,4.549999999999947,1251668.6666666665,1251668.6666666665
582,5,4,symmetric,0,2.6,0.001,1,500.0,True,48851,97.702,4.40999999999995,1492251.5555555553,1492251.5555555553
583,5,4,symmetric,0,0.6,0.005,1,500.0,True,47601,95.202,7.959999999999875,111111111.11111109,111111111.11111109
584,5,4,symmetric,0,0.8,0.005,1,500.0,True,47920,95.84,7.089999999999893,111111111.11111109,111111111.11111109
585,5,4,symmetric,0,1.0,0.005,1,500.0,True,48138,96.276,6.489999999999906,111111111.11111109,111111111.11111109
586,5,4,symmetric,0,1.2,0.005,1,500.0,True,48301,96.602,6.029999999999916,111111111.11111109,111111111.11111109
587,5,4,symmetric,0,1.4,0.005,1,500.0,True,48427,96.854,5.6699999999999235,111111111.11111109,111111111.11111109
588,5,4,symmetric,0,1.6,0.005,1,500.0,True,48528,97.056,5.36999999999993,111111111.11111109,111111111.11111109
589,5,4,symmetric,0,1.8,0.005,1,500.0,True,48612,97.224,5.119999999999935,111111111.11111109,111111111.11111109
590,5,4,symmetric,0,2.0,0.005,1,500.0,True,48684,97.368,4.90999999999994,111111111.11111109,111111111.11111109
591,5,4,symmetric,0,2.2,0.005,1,500.0,True,48745,97.49,4.719999999999944,111111111.11111109,111111111.11111109
592,5,4,symmetric,0,2.4,0.005,1,500.0,True,48799,97.598,4.559999999999947,111111111.11111109,111111111.11111109
593,5,4,symmetric,0,2.6,0.005,1,500.0,True,48846,97.692,4.41999999999995,111111111.11111109,111111111.11111109
594,5,4,symmetric,1,0.6,0.001,1,100.0,True,7602,76.02,7.939999999999875,150.25486924913193,150.25486924913193
595,5,4,symmetric,1,0.8,0.001,1,100.0,True,7925,79.25,7.0799999999998935,267.4907769097222,267.4907769097222
596,5,4,symmetric,1,1.0,0.001,1,100.0,True,8145,81.45,6.4699999999999065,417.37304687499994,417.37304687499994
597,5,4,symmetric,1,1.2,0.001,1,100.0,True,8307,83.07,6.009999999999916,601.0194769965277,601.0194769965277
598,5,4,symmetric,1,1.4,0.001,1,100.0,True,8433,84.33,5.649999999999924,818.0060221354165,818.0060221354165
599,5,4,symmetric,1,1.6,0.001,1,100.0,True,8534,85.34,5.35999999999993,1069.9631076388887,1069.9631076388887
600,5,4,symmetric,1,1.8,0.001,1,100.0,True,8618,86.18,5.1099999999999355,1352.0922309027776,1352.0922309027776
601,5,4,symmetric,1,2.0,0.001,1,100.0,True,8689,86.89,4.89999999999994,1669.4921874999998,1669.4921874999998
602,5,4,symmetric,1,2.2,0.001,1,100.0,True,8751,87.51,4.709999999999944,2019.7530381944441,2019.7530381944441
603,5,4,symmetric,1,2.4,0.001,1,100.0,True,8804,88.04,4.549999999999947,2404.077907986111,2404.077907986111
604,5,4,symmetric,1,2.6,0.001,1,100.0,True,8851,88.51,4.40999999999995,2821.3181423611104,2821.3181423611104
605,5,4,symmetric,1,0.6,0.005,1,100.0,True,7601,76.01,7.959999999999875,291.37337239583326,291.37337239583326
606,5,4,symmetric,1,0.8,0.005,1,100.0,True,7920,79.2,7.089999999999893,517.3446180555554,517.3446180555554
607,5,4,symmetric,1,1.0,0.005,1,100.0,True,8138,81.38,6.489999999999906,808.5450303819443,808.5450303819443
608,5,4,symmetric,1,1.2,0.005,1,100.0,True,8301,83.01,6.029999999999916,1165.493489583333,1165.493489583333
609,5,4,symmetric,1,1.4,0.005,1,100.0,True,8427,84.27,5.6699999999999235,1585.5321180555552,1585.5321180555552
610,5,4,symmetric,1,1.6,0.005,1,100.0,True,8528,85.28,5.36999999999993,2069.3784722222217,2069.3784722222217
611,5,4,symmetric,1,1.8,0.005,1,100.0,True,8612,86.12,5.119999999999935,2620.361111111111,2620.361111111111
612,5,4,symmetric,1,2.0,0.005,1,100.0,True,8684,86.84,4.90999999999994,3234.1801215277774,3234.1801215277774
613,5,4,symmetric,1,2.2,0.005,1,100.0,True,8745,87.45,4.719999999999944,3906.8888888888882,3906.8888888888882
614,5,4,symmetric,1,2.4,0.005,1,100.0,True,8799,87.99,4.559999999999947,4661.973958333332,4661.973958333332
615,5,4,symmetric,1,2.6,0.005,1,100.0,True,8846,88.46,4.41999999999995,5472.735243055555,5472.735243055555
616,5,4,symmetric,1,0.6,0.001,1,200.0,True,17602,88.01,7.939999999999875,2271.2875434027774,2271.2875434027774
617,5,4,symmetric,1,0.8,0.001,1,200.0,True,17925,89.625,7.0799999999998935,4060.789062499999,4060.789062499999
618,5,4,symmetric,1,1.0,0.001,1,200.0,True,18145,90.725,6.4699999999999065,6334.278645833332,6334.278645833332
619,5,4,symmetric,1,1.2,0.001,1,200.0,True,18307,91.535,6.009999999999916,9085.15017361111,9085.15017361111
620,5,4,symmetric,1,1.4,0.001,1,200.0,True,18433,92.165,5.649999999999924,12326.789062499998,12326.789062499998
621,5,4,symmetric,1,1.6,0.001,1,200.0,True,18534,92.67,5.35999999999993,16243.156249999996,16243.156249999996
622,5,4,symmetric,1,1.8,0.001,1,200.0,True,18618,93.09,5.1099999999999355,20498.104166666664,20498.104166666664
623,5,4,symmetric,1,2.0,0.001,1,200.0,True,18689,93.445,4.89999999999994,25337.11458333333,25337.11458333333
624,5,4,symmetric,1,2.2,0.001,1,200.0,True,18751,93.755,4.709999999999944,30511.465277777774,30511.465277777774
625,5,4,symmetric,1,2.4,0.001,1,200.0,True,18804,94.02,4.549999999999947,36340.60069444444,36340.60069444444
626,5,4,symmetric,1,2.6,0.001,1,200.0,True,18851,94.255,4.40999999999995,42578.66319444444,42578.66319444444
627,5,4,symmetric,1,0.6,0.005,1,200.0,True,17601,88.005,7.959999999999875,35182.13194444444,35182.13194444444
628,5,4,symmetric,1,0.8,0.005,1,200.0,True,17920,89.6,7.089999999999893,62846.45833333332,62846.45833333332
629,5,4,symmetric,1,1.0,0.005,1,200.0,True,18138,90.69,6.489999999999906,96569.15277777777,96569.15277777777
630,5,4,symmetric,1,1.2,0.005,1,200.0,True,18301,91.505,6.029999999999916,140728.52777777775,140728.52777777775
631,5,4,symmetric,1,1.4,0.005,1,200.0,True,18427,92.135,5.6699999999999235,191875.66666666663,191875.66666666663
632,5,4,symmetric,1,1.6,0.005,1,200.0,True,18528,92.64,5.36999999999993,251385.83333333328,251385.83333333328
633,5,4,symmetric,1,1.8,0.005,1,200.0,True,18612,93.06,5.119999999999935,316167.61111111107,316167.61111111107
634,5,4,symmetric,1,2.0,0.005,1,200.0,True,18684,93.42,4.90999999999994,386276.61111111107,386276.61111111107
635,5,4,symmetric,1,2.2,0.005,1,200.0,True,18745,93.725,4.719999999999944,466931.111111111,466931.111111111
636,5,4,symmetric,1,2.4,0.005,1,200.0,True,18799,93.995,4.559999999999947,562914.111111111,562914.111111111
637,5,4,symmetric,1,2.6,0.005,1,200.0,True,18846,94.23,4.41999999999995,661461.8333333333,661461.8333333333
638,5,4,symmetric,1,0.6,0.001,1,500.0,True,47602,95.204,7.939999999999875,78229.29166666666,78229.29166666666
639,5,4,symmetric,1,0.8,0.001,1,500.0,True,47925,95.85,7.0799999999998935,139444.37499999997,139444.37499999997
640,5,4,symmetric,1,1.0,0.001,1,500.0,True,48145,96.29,6.4699999999999065,216314.74999999997,216314.74999999997
641,5,4,symmetric,1,1.2,0.001,1,500.0,True,48307,96.614,6.009999999999916,312917.1666666666,312917.1666666666
642,5,4,symmetric,1,1.4,0.001,1,500.0,True,48433,96.866,5.649999999999924,423990.22222222213,423990.22222222213
643,5,4,symmetric,1,1.6,0.001,1,500.0,True,48534,97.068,5.35999999999993,557777.4999999999,557777.4999999999
644,5,4,symmetric,1,1.8,0.001,1,500.0,True,48618,97.236,5.1099999999999355,697657.2222222221,697657.2222222221
645,5,4,symmetric,1,2.0,0.001,1,500.0,True,48689,97.378,4.89999999999994,865258.9999999999,865258.9999999999
646,5,4,symmetric,1,2.2,0.001,1,500.0,True,48751,97.502,4.709999999999944,1046463.6666666665,1046463.6666666665
647,5,4,symmetric,1,2.4,0.001,1,500.0,True,48804,97.608,4.549999999999947,1251668.6666666665,1251668.6666666665
648,5,4,symmetric,1,2.6,0.001,1,500.0,True,48851,97.702,4.40999999999995,1492251.5555555553,1492251.5555555553
649,5,4,symmetric,1,0.6,0.005,1,500.0,True,47601,95.202,7.959999999999875,111111111.11111109,111111111.11111109
650,5,4,symmetric,1,0.8,0.005,1,500.0,True,47920,95.84,7.089999999999893,111111111.11111109,111111111.11111109
651,5,4,symmetric,1,1.0,0.005,1,500.0,True,48138,96.276,6.489999999999906,111111111.11111109,111111111.11111109
652,5,4,symmetric,1,1.2,0.005,1,500.0,True,48301,96.602,6.029999999999916,111111111.11111109,111111111.11111109
653,5,4,symmetric,1,1.4,0.005,1,500.0,True,48427,96.854,5.6699999999999235,111111111.11111109,111111111.11111109
654,5,4,symmetric,1,1.6,0.005,1,500.0,True,48528,97.056,5.36999999999993,111111111.11111109,111111111.11111109
655,5,4,symmetric,1,1.8,0.005,1,500.0,True,48612,97.224,5.119999999999935,111111111.11111109,111111111.11111109
656,5,4,symmetric,1,2.0,0.005,1,500.0,True,48684,97.368,4.90999999999994,111111111.11111109,111111111.11111109
657,5,4,symmetric,1,2.2,0.005,1,500.0,True,48745,97.49,4.719999999999944,111111111.11111109,111111111.11111109
658,5,4,symmetric,1,2.4,0.005,1,500.0,True,48799,97.598,4.559999999999947,111111111.11111109,111111111.11111109
659,5,4,symmetric,1,2.6,0.005,1,500.0,True,48846,97.692,4.41999999999995,111111111.11111109,111111111.11111109
660,5,4,clustered,0,0.6,0.001,1,100.0,True,7602,76.02,7.939999999999875,150.2195366753472,150.2195366753472
661,5,4,clustered,0,0.8,0.001,1,100.0,True,7925,79.25,7.0799999999998935,267.4175889756944,267.4175889756944
662,5,4,clustered,0,1.0,0.001,1,100.0,True,8145,81.45,6.4699999999999065,417.3915201822916,417.3915201822916
663,5,4,clustered,0,1.2,0.001,1,100.0,True,8307,83.07,6.009999999999916,600.8781467013888,600.8781467013888
664,5,4,clustered,0,1.4,0.001,1,100.0,True,8433,84.33,5.649999999999924,817.9105902777776,817.9105902777776
665,5,4,clustered,0,1.6,0.001,1,100.0,True,8534,85.34,5.35999999999993,1069.6703559027776,1069.6703559027776
666,5,4,clustered,0,1.8,0.001,1,100.0,True,8618,86.18,5.1099999999999355,1352.3617621527776,1352.3617621527776
667,5,4,clustered,0,2.0,0.001,1,100.0,True,8689,86.89,4.89999999999994,1669.5660807291663,1669.5660807291663
668,5,4,clustered,0,2.2,0.001,1,100.0,True,8751,87.51,4.719999999999944,2020.542317708333,2020.542317708333
669,5,4,clustered,0,2.4,0.001,1,100.0,True,8804,88.04,4.549999999999947,2403.512586805555,2403.512586805555
670,5,4,clustered,0,2.6,0.001,1,100.0,True,8851,88.51,4.40999999999995,2819.606336805555,2819.606336805555
671,5,4,clustered,0,0.6,0.005,1,100.0,True,7601,76.01,7.959999999999875,291.2267523871527,291.2267523871527
672,5,4,clustered,0,0.8,0.005,1,100.0,True,7920,79.2,7.089999999999893,517.3205295138888,517.3205295138888
673,5,4,clustered,0,1.0,0.005,1,100.0,True,8138,81.38,6.489999999999906,808.6064453124999,808.6064453124999
674,5,4,clustered,0,1.2,0.005,1,100.0,True,8301,83.01,6.029999999999916,1164.9070095486109,1164.9070095486109
675,5,4,clustered,0,1.4,0.005,1,100.0,True,8427,84.27,5.6699999999999235,1584.0564236111109,1584.0564236111109
676,5,4,clustered,0,1.6,0.005,1,100.0,True,8528,85.28,5.36999999999993,2069.282118055555,2069.282118055555
677,5,4,clustered,0,1.8,0.005,1,100.0,True,8612,86.12,5.119999999999935,2623.6215277777774,2623.6215277777774
678,5,4,clustered,0,2.0,0.005,1,100.0,True,8684,86.84,4.90999999999994,3234.4257812499995,3234.4257812499995
679,5,4,clustered,0,2.2,0.005,1,100.0,True,8745,87.45,4.719999999999944,3912.9592013888882,3912.9592013888882
680,5,4,clustered,0,2.4,0.005,1,100.0,True,8799,87.99,4.559999999999947,4659.628038194443,4659.628038194443
681,5,4,clustered,0,2.6,0.005,1,100.0,True,8846,88.46,4.41999999999995,5453.11501736111,5453.11501736111
682,5,4,clustered,0,0.6,0.001,1,200.0,True,17602,88.01,7.939999999999875,2274.188368055555,2274.188368055555
683,5,4,clustered,0,0.8,0.001,1,200.0,True,17925,89.625,7.0799999999998935,4048.8472222222217,4048.8472222222217
684,5,4,clustered,0,1.0,0.001,1,200.0,True,18145,90.725,6.4699999999999065,6311.355468749999,6311.355468749999
685,5,4,clustered,0,1.2,0.001,1,200.0,True,18307,91.535,6.009999999999916,9096.75347222222,9096.75347222222
686,5,4,clustered,0,1.4,0.001,1,200.0,True,18433,92.165,5.649999999999924,12373.928819444442,12373.928819444442
687,5,4,clustered,0,1.6,0.001,1,200.0,True,18534,92.67,5.35999999999993,16195.388888888887,16195.388888888887
688,5,4,clustered,0,1.8,0.001,1,200.0,True,18618,93.09,5.1099999999999355,20483.619791666664,20483.619791666664
689,5,4,clustered,0,2.0,0.001,1,200.0,True,18689,93.445,4.89999999999994,25245.421874999996,25245.421874999996
690,5,4,clustered,0,2.2,0.001,1,200.0,True,18751,93.755,4.719999999999944,30571.04166666666,30571.04166666666
691,5,4,clustered,0,2.4,0.001,1,200.0,True,18804,94.02,4.549999999999947,36387.01388888888,36387.01388888888
692,5,4,clustered,0,2.6,0.001,1,200.0,True,18851,94.255,4.40999999999995,42666.96527777777,42666.96527777777
693,5,4,clustered,0,0.6,0.005,1,200.0,True,17601,88.005,7.959999999999875,35156.84374999999,35156.84374999999
694,5,4,clustered,0,0.8,0.005,1,200.0,True,17920,89.6,7.089999999999893,62550.124999999985,62550.124999999985
695,5,4,clustered,0,1.0,0.005,1,200.0,True,18138,90.69,6.489999999999906,97250.85416666664,97250.85416666664
696,5,4,clustered,0,1.2,0.005,1,200.0,True,18301,91.505,6.029999999999916,140627.37499999997,140627.37499999997
697,5,4,clustered,0,1.4,0.005,1,200.0,True,18427,92.135,5.6699999999999235,191211.77777777775,191211.77777777775
698,5,4,clustered,0,1.6,0.005,1,200.0,True,18528,92.64,5.36999999999993,250200.49999999994,250200.49999999994
699,5,4,clustered,0,1.8,0.005,1,200.0,True,18612,93.06,5.119999999999935,314797.99999999994,314797.99999999994
700,5,4,clustered,0,2.0,0.005,1,200.0,True,18684,93.42,4.90999999999994,389003.41666666657,389003.41666666657
701,5,4,clustered,0,2.2,0.005,1,200.0,True,18745,93.725,4.719999999999944,470510.3888888888,470510.3888888888
702,5,4,clustered,0,2.4,0.005,1,200.0,True,18799,93.995,4.559999999999947,562509.4999999999,562509.4999999999
703,5,4,clustered,0,2.6,0.005,1,200.0,True,18846,94.23,4.41999999999995,654947.9444444444,654947.9444444444
704,5,4,clustered,0,0.6,0.001,1,500.0,True,47602,95.204,7.939999999999875,78490.82638888888,78490.82638888888
705,5,4,clustered,0,0.8,0.001,1,500.0,True,47925,95.85,7.0799999999998935,138604.65277777775,138604.65277777775
706,5,4,clustered,0,1.0,0.001,1,500.0,True,48145,96.29,6.4699999999999065,218263.0972222222,218263.0972222222
707,5,4,clustered,0,1.2,0.001,1,500.0,True,48307,96.614,6.009999999999916,313963.3055555555,313963.3055555555
708,5,4,clustered,0,1.4,0.001,1,500.0,True,48433,96.866,5.649999999999924,429069.47222222213,429069.47222222213
709,5,4,clustered,0,1.6,0.001,1,500.0,True,48534,97.068,5.35999999999993,554418.611111111,554418.611111111
710,5,4,clustered,0,1.8,0.001,1,500.0,True,48618,97.236,5.1099999999999355,696848.1666666665,696848.1666666665
711,5,4,clustered,0,2.0,0.001,1,500.0,True,48689,97.378,4.89999999999994,873052.3888888888,873052.3888888888
712,5,4,clustered,0,2.2,0.001,1,500.0,True,48751,97.502,4.719999999999944,1057495.7777777775,1057495.7777777775
713,5,4,clustered,0,2.4,0.001,1,500.0,True,48804,97.608,4.549999999999947,1255853.222222222,1255853.222222222
714,5,4,clustered,0,2.6,0.001,1,500.0,True,48851,97.702,4.40999999999995,1480670.7777777775,1480670.7777777775
715,5,4,clustered,0,0.6,0.005,1,500.0,True,47601,95.202,7.959999999999875,111111111.11111109,111111111.11111109
716,5,4,clustered,0,0.8,0.005,1,500.0,True,47920,95.84,7.089999999999893,111111111.11111109,111111111.11111109
717,5,4,clustered,0,1.0,0.005,1,500.0,True,48138,96.276,6.489999999999906,111111111.11111109,111111111.11111109
718,5,4,clustered,0,1.2,0.005,1,500.0,True,48301,96.602,6.029999999999916,111111111.11111109,111111111.11111109
719,5,4,clustered,0,1.4,0.005,1,500.0,True,48427,96.854,5.6699999999999235,111111111.11111109,111111111.11111109
720,5,4,clustered,0,1.6,0.005,1,500.0,True,48528,97.056,5.36999999999993,111111111.11111109,111111111.11111109
721,5,4,clustered,0,1.8,0.005,1,500.0,True,48612,97.224,5.119999999999935,111111111.11111109,111111111.11111109
722,5,4,clustered,0,2.0,0.005,1,500.0,True,48684,97.368,4.90999999999994,111111111.11111109,111111111.11111109
723,5,4,clustered,0,2.2,0.005,1,500.0,True,48745,97.49,4.719999999999944,111111111.11111109,111111111.11111109
724,5,4,clustered,0,2.4,0.005,1,500.0,True,48799,97.598,4.559999999999947,111111111.11111109,111111111.11111109
725,5,4,clustered,0,2.6,0.005,1,500.0,True,48846,97.692,4.41999999999995,111111111.11111109,111111111.11111109
726,5,4,clustered,1,0.6,0.001,1,100.0,True,7602,76.02,7.939999999999875,150.2195366753472,150.2195366753472
727,5,4,clustered,1,0.8,0.001,1,100.0,True,7925,79.25,7.0799999999998935,267.4175889756944,267.4175889756944
728,5,4,clustered,1,1.0,0.001,1,100.0,True,8145,81.45,6.4699999999999065,417.3915201822916,417.3915201822916
729,5,4,clustered,1,1.2,0.001,1,100.0,True,8307,83.07,6.009999999999916,600.8781467013888,600.8781467013888
730,5,4,clustered,1,1.4,0.001,1,100.0,True,8433,84.33,5.649999999999924,817.9105902777776,817.9105902777776
731,5,4,clustered,1,1.6,0.001,1,100.0,True,8534,85.34,5.35999999999993,1069.6703559027776,1069.6703559027776
732,5,4,clustered,1,1.8,0.001,1,100.0,True,8618,86.18,5.1099999999999355,1352.3617621527776,1352.3617621527776
733,5,4,clustered,1,2.0,0.001,1,100.0,True,8689,86.89,4.89999999999994,1669.5660807291663,1669.5660807291663
734,5,4,clustered,1,2.2,0.001,1,100.0,True,8751,87.51,4.719999999999944,2020.542317708333,2020.542317708333
735,5,4,clustered,1,2.4,0.001,1,100.0,True,8804,88.04,4.549999999999947,2403.512586805555,2403.512586805555
736,5,4,clustered,1,2.6,0.001,1,100.0,True,8851,88.51,4.40999999999995,2819.606336805555,2819.606336805555
737,5,4,clustered,1,0.6,0.005,1,100.0,True,7601,76.01,7.959999999999875,291.2267523871527,291.2267523871527
738,5,4,clustered,1,0.8,0.005,1,100.0,True,7920,79.2,7.089999999999893,517.3205295138888,517.3205295138888
739,5,4,clustered,1,1.0,0.005,1,100.0,True,8138,81.38,6.489999999999906,808.6064453124999,808.6064453124999
740,5,4,clustered,1,1.2,0.005,1,100.0,True,8301,83.01,6.029999999999916,1164.9070095486109,1164.9070095486109
741,5,4,clustered,1,1.4,0.005,1,100.0,True,8427,84.27,5.6699999999999235,1584.0564236111109,1584.0564236111109
742,5,4,clustered,1,1.6,0.005,1,100.0,True,8528,85.28,5.36999999999993,2069.282118055555,2069.282118055555
743,5,4,clustered,1,1.8,0.005,1,100.0,True,8612,86.12,5.119999999999935,2623.6215277777774,2623.6215277777774
744,5,4,clustered,1,2.0,0.005,1,100.0,True,8684,86.84,4.90999999999994,3234.4257812499995,3234.4257812499995
745,5,4,clustered,1,2.2,0.005,1,100.0,True,8745,87.45,4.719999999999944,3912.9592013888882,3912.9592013888882
746,5,4,clustered,1,2.4,0.005,1,100.0,True,8799,87.99,4.559999999999947,4659.628038194443,4659.628038194443
747,5,4,clustered,1,2.6,0.005,1,100.0,True,8846,88.46,4.41999999999995,5453.11501736111,5453.11501736111
748,5,4,clustered,1,0.6,0.001,1,200.0,True,17602,88.01,7.939999999999875,2274.188368055555,2274.188368055555
749,5,4,clustered,1,0.8,0.001,1,200.0,True,17925,89.625,7.0799999999998935,4048.8472222222217,4048.8472222222217
750,5,4,clustered,1,1.0,0.001,1,200.0,True,18145,90.725,6.4699999999999065,6311.355468749999,6311.355468749999
751,5,4,clustered,1,1.2,0.001,1,200.0,True,18307,91.535,6.009999999999916,9096.75347222222,9096.75347222222
752,5,4,clustered,1,1.4,0.001,1,200.0,True,18433,92.165,5.649999999999924,12373.928819444442,12373.928819444442
753,5,4,clustered,1,1.6,0.001,1,200.0,True,18534,92.67,5.35999999999993,16195.388888888887,16195.388888888887
754,5,4,clustered,1,1.8,0.001,1,200.0,True,18618,93.09,5.1099999999999355,20483.619791666664,20483.619791666664
755,5,4,clustered,1,2.0,0.001,1,200.0,True,18689,93.445,4.89999999999994,25245.421874999996,25245.421874999996
756,5,4,clustered,1,2.2,0.001,1,200.0,True,18751,93.755,4.719999999999944,30571.04166666666,30571.04166666666
757,5,4,clustered,1,2.4,0.001,1,200.0,True,18804,94.02,4.549999999999947,36387.01388888888,36387.01388888888
758,5,4,clustered,1,2.6,0.001,1,200.0,True,18851,94.255,4.40999999999995,42666.96527777777,42666.96527777777
759,5,4,clustered,1,0.6,0.005,1,200.0,True,17601,88.005,7.959999999999875,35156.84374999999,35156.84374999999
760,5,4,clustered,1,0.8,0.005,1,200.0,True,17920,89.6,7.089999999999893,62550.124999999985,62550.124999999985
761,5,4,clustered,1,1.0,0.005,1,200.0,True,18138,90.69,6.489999999999906,97250.85416666664,97250.85416666664
762,5,4,clustered,1,1.2,0.005,1,200.0,True,18301,91.505,6.029999999999916,140627.37499999997,140627.37499999997
763,5,4,clustered,1,1.4,0.005,1,200.0,True,18427,92.135,5.6699999999999235,191211.77777777775,191211.77777777775
764,5,4,clustered,1,1.6,0.005,1,200.0,True,18528,92.64,5.36999999999993,250200.49999999994,250200.49999999994
765,5,4,clustered,1,1.8,0.005,1,200.0,True,18612,93.06,5.119999999999935,314797.99999999994,314797.99999999994
766,5,4,clustered,1,2.0,0.005,1,200.0,True,18684,93.42,4.90999999999994,389003.41666666657,389003.41666666657
767,5,4,clustered,1,2.2,0.005,1,200.0,True,18745,93.725,4.719999999999944,470510.3888888888,470510.3888888888
768,5,4,clustered,1,2.4,0.005,1,200.0,True,18799,93.995,4.559999999999947,562509.4999999999,562509.4999999999
769,5,4,clustered,1,2.6,0.005,1,200.0,True,18846,94.23,4.41999999999995,654947.9444444444,654947.9444444444
770,5,4,clustered,1,0.6,0.001,1,500.0,True,47602,95.204,7.939999999999875,78490.82638888888,78490.82638888888
771,5,4,clustered,1,0.8,0.001,1,500.0,True,47925,95.85,7.0799999999998935,138604.65277777775,138604.65277777775
772,5,4,clustered,1,1.0,0.001,1,500.0,True,48145,96.29,6.4699999999999065,218263.0972222222,218263.0972222222
773,5,4,clustered,1,1.2,0.001,1,500.0,True,48307,96.614,6.009999999999916,313963.3055555555,313963.3055555555
774,5,4,clustered,1,1.4,0.001,1,500.0,True,48433,96.866,5.649999999999924,429069.47222222213,429069.47222222213
775,5,4,clustered,1,1.6,0.001,1,500.0,True,48534,97.068,5.35999999999993,554418.611111111,554418.611111111
776,5,4,clustered,1,1.8,0.001,1,500.0,True,48618,97.236,5.1099999999999355,696848.1666666665,696848.1666666665
777,5,4,clustered,1,2.0,0.001,1,500.0,True,48689,97.378,4.89999999999994,873052.3888888888,873052.3888888888
778,5,4,clustered,1,2.2,0.001,1,500.0,True,48751,97.502,4.719999999999944,1057495.7777777775,1057495.7777777775
779,5,4,clustered,1,2.4,0.001,1,500.0,True,48804,97.608,4.549999999999947,1255853.222222222,1255853.222222222
780,5,4,clustered,1,2.6,0.001,1,500.0,True,48851,97.702,4.40999999999995,1480670.7777777775,1480670.7777777775
781,5,4,clustered,1,0.6,0.005,1,500.0,True,47601,95.202,7.959999999999875,111111111.11111109,111111111.11111109
782,5,4,clustered,1,0.8,0.005,1,500.0,True,47920,95.84,7.089999999999893,111111111.11111109,111111111.11111109
783,5,4,clustered,1,1.0,0.005,1,500.0,True,48138,96.276,6.489999999999906,111111111.11111109,111111111.11111109
784,5,4,clustered,1,1.2,0.005,1,500.0,True,48301,96.602,6.029999999999916,111111111.11111109,111111111.11111109
785,5,4,clustered,1,1.4,0.005,1,500.0,True,48427,96.854,5.6699999999999235,111111111.11111109,111111111.11111109
786,5,4,clustered,1,1.6,0.005,1,500.0,True,48528,97.056,5.36999999999993,111111111.11111109,111111111.11111109
787,5,4,clustered,1,1.8,0.005,1,500.0,True,48612,97.224,5.119999999999935,111111111.11111109,111111111.11111109
788,5,4,clustered,1,2.0,0.005,1,500.0,True,48684,97.368,4.90999999999994,111111111.11111109,111111111.11111109
789,5,4,clustered,1,2.2,0.005,1,500.0,True,48745,97.49,4.719999999999944,111111111.11111109,111111111.11111109
790,5,4,clustered,1,2.4,0.005,1,500.0,True,48799,97.598,4.559999999999947,111111111.11111109,111111111.11111109
791,5,4,clustered,1,2.6,0.005,1,500.0,True,48846,97.692,4.41999999999995,111111111.11111109,111111111.11111109
