dimension,num_sources,geometry,phase_offset,alpha_0,gamma,M,T,has_commits,agent_commit_count,commit_rate,first_commit_time,final_psi,max_salience
2,1,symmetric,0,0.6,0.001,1,100.0,False,0,0.0,,0.0,8.63300097729306e-11
2,1,symmetric,0,0.8,0.001,1,100.0,False,0,0.0,,0.0,1.5347557292964802e-10
2,1,symmetric,0,1.0,0.001,1,100.0,False,0,0.0,,0.0,2.398055827025906e-10
2,1,symmetric,0,1.2,0.001,1,100.0,False,0,0.0,,0.0,3.453200390917224e-10
2,1,symmetric,0,1.4,0.001,1,100.0,False,0,0.0,,0.0,4.70018942097063e-10
2,1,symmetric,0,1.6,0.001,1,100.0,False,0,0.0,,0.0,6.139022917185921e-10
2,1,symmetric,0,1.8,0.001,1,100.0,False,0,0.0,,0.0,7.769700879563366e-10
2,1,symmetric,0,2.0,0.001,1,100.0,False,0,0.0,,0.0,9.592223308103623e-10
2,1,symmetric,0,2.2,0.001,1,100.0,False,0,0.0,,0.0,1.1606590202805093e-09
2,1,symmetric,0,2.4,0.001,1,100.0,False,0,0.0,,0.0,1.3812801563668897e-09
2,1,symmetric,0,2.6,0.001,1,100.0,False,0,0.0,,0.0,1.6210857390694399e-09
2,1,symmetric,0,0.6,0.005,1,100.0,False,0,0.0,,0.0,9.271261122392644e-12
2,1,symmetric,0,0.8,0.005,1,100.0,False,0,0.0,,0.0,1.6482241995364612e-11
2,1,symmetric,0,1.0,0.005,1,100.0,False,0,0.0,,0.0,2.575350311775715e-11
2,1,symmetric,0,1.2,0.005,1,100.0,False,0,0.0,,0.0,3.7085044489570574e-11
2,1,symmetric,0,1.4,0.005,1,100.0,False,0,0.0,,0.0,5.0476866110804226e-11
2,1,symmetric,0,1.6,0.005,1,100.0,False,0,0.0,,0.0,6.592896798145845e-11
2,1,symmetric,0,1.8,0.005,1,100.0,False,0,0.0,,0.0,8.344135010153377e-11
2,1,symmetric,0,2.0,0.005,1,100.0,False,0,0.0,,0.0,1.030140124710286e-10
2,1,symmetric,0,2.2,0.005,1,100.0,False,0,0.0,,0.0,1.246469550899446e-10
2,1,symmetric,0,2.4,0.005,1,100.0,False,0,0.0,,0.0,1.483401779582823e-10
2,1,symmetric,0,2.6,0.005,1,100.0,False,0,0.0,,0.0,1.7409368107603973e-10
2,1,symmetric,0,0.6,0.001,1,200.0,False,0,0.0,,0.0,8.63300097729306e-11
2,1,symmetric,0,0.8,0.001,1,200.0,False,0,0.0,,0.0,1.5347557292964802e-10
2,1,symmetric,0,1.0,0.001,1,200.0,False,0,0.0,,0.0,2.398055827025906e-10
2,1,symmetric,0,1.2,0.001,1,200.0,False,0,0.0,,0.0,3.453200390917224e-10
2,1,symmetric,0,1.4,0.001,1,200.0,False,0,0.0,,0.0,4.70018942097063e-10
2,1,symmetric,0,1.6,0.001,1,200.0,False,0,0.0,,0.0,6.139022917185921e-10
2,1,symmetric,0,1.8,0.001,1,200.0,False,0,0.0,,0.0,7.769700879563366e-10
2,1,symmetric,0,2.0,0.001,1,200.0,False,0,0.0,,0.0,9.592223308103623e-10
2,1,symmetric,0,2.2,0.001,1,200.0,False,0,0.0,,0.0,1.1606590202805093e-09
2,1,symmetric,0,2.4,0.001,1,200.0,False,0,0.0,,0.0,1.3812801563668897e-09
2,1,symmetric,0,2.6,0.001,1,200.0,False,0,0.0,,0.0,1.6210857390694399e-09
2,1,symmetric,0,0.6,0.005,1,200.0,False,0,0.0,,0.0,9.271261122392644e-12
2,1,symmetric,0,0.8,0.005,1,200.0,False,0,0.0,,0.0,1.6482241995364612e-11
2,1,symmetric,0,1.0,0.005,1,200.0,False,0,0.0,,0.0,2.575350311775715e-11
2,1,symmetric,0,1.2,0.005,1,200.0,False,0,0.0,,0.0,3.7085044489570574e-11
2,1,symmetric,0,1.4,0.005,1,200.0,False,0,0.0,,0.0,5.0476866110804226e-11
2,1,symmetric,0,1.6,0.005,1,200.0,False,0,0.0,,0.0,6.592896798145845e-11
2,1,symmetric,0,1.8,0.005,1,200.0,False,0,0.0,,0.0,8.344135010153377e-11
2,1,symmetric,0,2.0,0.005,1,200.0,False,0,0.0,,0.0,1.030140124710286e-10
2,1,symmetric,0,2.2,0.005,1,200.0,False,0,0.0,,0.0,1.246469550899446e-10
2,1,symmetric,0,2.4,0.005,1,200.0,False,0,0.0,,0.0,1.483401779582823e-10
2,1,symmetric,0,2.6,0.005,1,200.0,False,0,0.0,,0.0,1.7409368107603973e-10
2,1,symmetric,0,0.6,0.001,1,500.0,False,0,0.0,,0.0,8.63300097729306e-11
2,1,symmetric,0,0.8,0.001,1,500.0,False,0,0.0,,0.0,1.5347557292964802e-10
2,1,symmetric,0,1.0,0.001,1,500.0,False,0,0.0,,0.0,2.398055827025906e-10
2,1,symmetric,0,1.2,0.001,1,500.0,False,0,0.0,,0.0,3.453200390917224e-10
2,1,symmetric,0,1.4,0.001,1,500.0,False,0,0.0,,0.0,4.70018942097063e-10
2,1,symmetric,0,1.6,0.001,1,500.0,False,0,0.0,,0.0,6.139022917185921e-10
2,1,symmetric,0,1.8,0.001,1,500.0,False,0,0.0,,0.0,7.769700879563366e-10
2,1,symmetric,0,2.0,0.001,1,500.0,False,0,0.0,,0.0,9.592223308103623e-10
2,1,symmetric,0,2.2,0.001,1,500.0,False,0,0.0,,0.0,1.1606590202805093e-09
2,1,symmetric,0,2.4,0.001,1,500.0,False,0,0.0,,0.0,1.3812801563668897e-09
2,1,symmetric,0,2.6,0.001,1,500.0,False,0,0.0,,0.0,1.6210857390694399e-09
2,1,symmetric,0,0.6,0.005,1,500.0,False,0,0.0,,0.0,9.271261122392644e-12
2,1,symmetric,0,0.8,0.005,1,500.0,False,0,0.0,,0.0,1.6482241995364612e-11
2,1,symmetric,0,1.0,0.005,1,500.0,False,0,0.0,,0.0,2.575350311775715e-11
2,1,symmetric,0,1.2,0.005,1,500.0,False,0,0.0,,0.0,3.7085044489570574e-11
2,1,symmetric,0,1.4,0.005,1,500.0,False,0,0.0,,0.0,5.0476866110804226e-11
2,1,symmetric,0,1.6,0.005,1,500.0,False,0,0.0,,0.0,6.592896798145845e-11
2,1,symmetric,0,1.8,0.005,1,500.0,False,0,0.0,,0.0,8.344135010153377e-11
2,1,symmetric,0,2.0,0.005,1,500.0,False,0,0.0,,0.0,1.030140124710286e-10
2,1,symmetric,0,2.2,0.005,1,500.0,False,0,0.0,,0.0,1.246469550899446e-10
2,1,symmetric,0,2.4,0.005,1,500.0,False,0,0.0,,0.0,1.483401779582823e-10
2,1,symmetric,0,2.6,0.005,1,500.0,False,0,0.0,,0.0,1.7409368107603973e-10
2,1,symmetric,1,0.6,0.001,1,100.0,False,0,0.0,,0.0,8.63300097729306e-11
2,1,symmetric,1,0.8,0.001,1,100.0,False,0,0.0,,0.0,1.5347557292964802e-10
2,1,symmetric,1,1.0,0.001,1,100.0,False,0,0.0,,0.0,2.398055827025906e-10
2,1,symmetric,1,1.2,0.001,1,100.0,False,0,0.0,,0.0,3.453200390917224e-10
2,1,symmetric,1,1.4,0.001,1,100.0,False,0,0.0,,0.0,4.70018942097063e-10
2,1,symmetric,1,1.6,0.001,1,100.0,False,0,0.0,,0.0,6.139022917185921e-10
2,1,symmetric,1,1.8,0.001,1,100.0,False,0,0.0,,0.0,7.769700879563366e-10
2,1,symmetric,1,2.0,0.001,1,100.0,False,0,0.0,,0.0,9.592223308103623e-10
2,1,symmetric,1,2.2,0.001,1,100.0,False,0,0.0,,0.0,1.1606590202805093e-09
2,1,symmetric,1,2.4,0.001,1,100.0,False,0,0.0,,0.0,1.3812801563668897e-09
2,1,symmetric,1,2.6,0.001,1,100.0,False,0,0.0,,0.0,1.6210857390694399e-09
2,1,symmetric,1,0.6,0.005,1,100.0,False,0,0.0,,0.0,9.271261122392644e-12
2,1,symmetric,1,0.8,0.005,1,100.0,False,0,0.0,,0.0,1.6482241995364612e-11
2,1,symmetric,1,1.0,0.005,1,100.0,False,0,0.0,,0.0,2.575350311775715e-11
2,1,symmetric,1,1.2,0.005,1,100.0,False,0,0.0,,0.0,3.7085044489570574e-11
2,1,symmetric,1,1.4,0.005,1,100.0,False,0,0.0,,0.0,5.0476866110804226e-11
2,1,symmetric,1,1.6,0.005,1,100.0,False,0,0.0,,0.0,6.592896798145845e-11
2,1,symmetric,1,1.8,0.005,1,100.0,False,0,0.0,,0.0,8.344135010153377e-11
2,1,symmetric,1,2.0,0.005,1,100.0,False,0,0.0,,0.0,1.030140124710286e-10
2,1,symmetric,1,2.2,0.005,1,100.0,False,0,0.0,,0.0,1.246469550899446e-10
2,1,symmetric,1,2.4,0.005,1,100.0,False,0,0.0,,0.0,1.483401779582823e-10
2,1,symmetric,1,2.6,0.005,1,100.0,False,0,0.0,,0.0,1.7409368107603973e-10
2,1,symmetric,1,0.6,0.001,1,200.0,False,0,0.0,,0.0,8.63300097729306e-11
2,1,symmetric,1,0.8,0.001,1,200.0,False,0,0.0,,0.0,1.5347557292964802e-10
2,1,symmetric,1,1.0,0.001,1,200.0,False,0,0.0,,0.0,2.398055827025906e-10
2,1,symmetric,1,1.2,0.001,1,200.0,False,0,0.0,,0.0,3.453200390917224e-10
2,1,symmetric,1,1.4,0.001,1,200.0,False,0,0.0,,0.0,4.70018942097063e-10
2,1,symmetric,1,1.6,0.001,1,200.0,False,0,0.0,,0.0,6.139022917185921e-10
2,1,symmetric,1,1.8,0.001,1,200.0,False,0,0.0,,0.0,7.769700879563366e-10
2,1,symmetric,1,2.0,0.001,1,200.0,False,0,0.0,,0.0,9.592223308103623e-10
2,1,symmetric,1,2.2,0.001,1,200.0,False,0,0.0,,0.0,1.1606590202805093e-09
2,1,symmetric,1,2.4,0.001,1,200.0,False,0,0.0,,0.0,1.3812801563668897e-09
2,1,symmetric,1,2.6,0.001,1,200.0,False,0,0.0,,0.0,1.6210857390694399e-09
2,1,symmetric,1,0.6,0.005,1,200.0,False,0,0.0,,0.0,9.271261122392644e-12
2,1,symmetric,1,0.8,0.005,1,200.0,False,0,0.0,,0.0,1.6482241995364612e-11
2,1,symmetric,1,1.0,0.005,1,200.0,False,0,0.0,,0.0,2.575350311775715e-11
2,1,symmetric,1,1.2,0.005,1,200.0,False,0,0.0,,0.0,3.7085044489570574e-11
2,1,symmetric,1,1.4,0.005,1,200.0,False,0,0.0,,0.0,5.0476866110804226e-11
2,1,symmetric,1,1.6,0.005,1,200.0,False,0,0.0,,0.0,6.592896798145845e-11
2,1,symmetric,1,1.8,0.005,1,200.0,False,0,0.0,,0.0,8.344135010153377e-11
2,1,symmetric,1,2.0,0.005,1,200.0,False,0,0.0,,0.0,1.030140124710286e-10
2,1,symmetric,1,2.2,0.005,1,200.0,False,0,0.0,,0.0,1.246469550899446e-10
2,1,symmetric,1,2.4,0.005,1,200.0,False,0,0.0,,0.0,1.483401779582823e-10
2,1,symmetric,1,2.6,0.005,1,200.0,False,0,0.0,,0.0,1.7409368107603973e-10
2,1,symmetric,1,0.6,0.001,1,500.0,False,0,0.0,,0.0,8.63300097729306e-11
2,1,symmetric,1,0.8,0.001,1,500.0,False,0,0.0,,0.0,1.5347557292964802e-10
2,1,symmetric,1,1.0,0.001,1,500.0,False,0,0.0,,0.0,2.398055827025906e-10
2,1,symmetric,1,1.2,0.001,1,500.0,False,0,0.0,,0.0,3.453200390917224e-10
2,1,symmetric,1,1.4,0.001,1,500.0,False,0,0.0,,0.0,4.70018942097063e-10
2,1,symmetric,1,1.6,0.001,1,500.0,False,0,0.0,,0.0,6.139022917185921e-10
2,1,symmetric,1,1.8,0.001,1,500.0,False,0,0.0,,0.0,7.769700879563366e-10
2,1,symmetric,1,2.0,0.001,1,500.0,False,0,0.0,,0.0,9.592223308103623e-10
2,1,symmetric,1,2.2,0.001,1,500.0,False,0,0.0,,0.0,1.1606590202805093e-09
2,1,symmetric,1,2.4,0.001,1,500.0,False,0,0.0,,0.0,1.3812801563668897e-09
2,1,symmetric,1,2.6,0.001,1,500.0,False,0,0.0,,0.0,1.6210857390694399e-09
2,1,symmetric,1,0.6,0.005,1,500.0,False,0,0.0,,0.0,9.271261122392644e-12
2,1,symmetric,1,0.8,0.005,1,500.0,False,0,0.0,,0.0,1.6482241995364612e-11
2,1,symmetric,1,1.0,0.005,1,500.0,False,0,0.0,,0.0,2.575350311775715e-11
2,1,symmetric,1,1.2,0.005,1,500.0,False,0,0.0,,0.0,3.7085044489570574e-11
2,1,symmetric,1,1.4,0.005,1,500.0,False,0,0.0,,0.0,5.0476866110804226e-11
2,1,symmetric,1,1.6,0.005,1,500.0,False,0,0.0,,0.0,6.592896798145845e-11
2,1,symmetric,1,1.8,0.005,1,500.0,False,0,0.0,,0.0,8.344135010153377e-11
2,1,symmetric,1,2.0,0.005,1,500.0,False,0,0.0,,0.0,1.030140124710286e-10
2,1,symmetric,1,2.2,0.005,1,500.0,False,0,0.0,,0.0,1.246469550899446e-10
2,1,symmetric,1,2.4,0.005,1,500.0,False,0,0.0,,0.0,1.483401779582823e-10
2,1,symmetric,1,2.6,0.005,1,500.0,False,0,0.0,,0.0,1.7409368107603973e-10
2,1,clustered,0,0.6,0.001,1,100.0,False,0,0.0,,0.0,8.63300097729306e-11
2,1,clustered,0,0.8,0.001,1,100.0,False,0,0.0,,0.0,1.5347557292964802e-10
2,1,clustered,0,1.0,0.001,1,100.0,False,0,0.0,,0.0,2.398055827025906e-10
2,1,clustered,0,1.2,0.001,1,100.0,False,0,0.0,,0.0,3.453200390917224e-10
2,1,clustered,0,1.4,0.001,1,100.0,False,0,0.0,,0.0,4.70018942097063e-10
2,1,clustered,0,1.6,0.001,1,100.0,False,0,0.0,,0.0,6.139022917185921e-10
2,1,clustered,0,1.8,0.001,1,100.0,False,0,0.0,,0.0,7.769700879563366e-10
2,1,clustered,0,2.0,0.001,1,100.0,False,0,0.0,,0.0,9.592223308103623e-10
2,1,clustered,0,2.2,0.001,1,100.0,False,0,0.0,,0.0,1.1606590202805093e-09
2,1,clustered,0,2.4,0.001,1,100.0,False,0,0.0,,0.0,1.3812801563668897e-09
2,1,clustered,0,2.6,0.001,1,100.0,False,0,0.0,,0.0,1.6210857390694399e-09
2,1,clustered,0,0.6,0.005,1,100.0,False,0,0.0,,0.0,9.271261122392644e-12
2,1,clustered,0,0.8,0.005,1,100.0,False,0,0.0,,0.0,1.6482241995364612e-11
2,1,clustered,0,1.0,0.005,1,100.0,False,0,0.0,,0.0,2.575350311775715e-11
2,1,clustered,0,1.2,0.005,1,100.0,False,0,0.0,,0.0,3.7085044489570574e-11
2,1,clustered,0,1.4,0.005,1,100.0,False,0,0.0,,0.0,5.0476866110804226e-11
2,1,clustered,0,1.6,0.005,1,100.0,False,0,0.0,,0.0,6.592896798145845e-11
2,1,clustered,0,1.8,0.005,1,100.0,False,0,0.0,,0.0,8.344135010153377e-11
2,1,clustered,0,2.0,0.005,1,100.0,False,0,0.0,,0.0,1.030140124710286e-10
2,1,clustered,0,2.2,0.005,1,100.0,False,0,0.0,,0.0,1.246469550899446e-10
2,1,clustered,0,2.4,0.005,1,100.0,False,0,0.0,,0.0,1.483401779582823e-10
2,1,clustered,0,2.6,0.005,1,100.0,False,0,0.0,,0.0,1.7409368107603973e-10
2,1,clustered,0,0.6,0.001,1,200.0,False,0,0.0,,0.0,8.63300097729306e-11
2,1,clustered,0,0.8,0.001,1,200.0,False,0,0.0,,0.0,1.5347557292964802e-10
2,1,clustered,0,1.0,0.001,1,200.0,False,0,0.0,,0.0,2.398055827025906e-10
2,1,clustered,0,1.2,0.001,1,200.0,False,0,0.0,,0.0,3.453200390917224e-10
2,1,clustered,0,1.4,0.001,1,200.0,False,0,0.0,,0.0,4.70018942097063e-10
2,1,clustered,0,1.6,0.001,1,200.0,False,0,0.0,,0.0,6.139022917185921e-10
2,1,clustered,0,1.8,0.001,1,200.0,False,0,0.0,,0.0,7.769700879563366e-10
2,1,clustered,0,2.0,0.001,1,200.0,False,0,0.0,,0.0,9.592223308103623e-10
2,1,clustered,0,2.2,0.001,1,200.0,False,0,0.0,,0.0,1.1606590202805093e-09
2,1,clustered,0,2.4,0.001,1,200.0,False,0,0.0,,0.0,1.3812801563668897e-09
2,1,clustered,0,2.6,0.001,1,200.0,False,0,0.0,,0.0,1.6210857390694399e-09
2,1,clustered,0,0.6,0.005,1,200.0,False,0,0.0,,0.0,9.271261122392644e-12
2,1,clustered,0,0.8,0.005,1,200.0,False,0,0.0,,0.0,1.6482241995364612e-11
2,1,clustered,0,1.0,0.005,1,200.0,False,0,0.0,,0.0,2.575350311775715e-11
2,1,clustered,0,1.2,0.005,1,200.0,False,0,0.0,,0.0,3.7085044489570574e-11
2,1,clustered,0,1.4,0.005,1,200.0,False,0,0.0,,0.0,5.0476866110804226e-11
2,1,clustered,0,1.6,0.005,1,200.0,False,0,0.0,,0.0,6.592896798145845e-11
2,1,clustered,0,1.8,0.005,1,200.0,False,0,0.0,,0.0,8.344135010153377e-11
2,1,clustered,0,2.0,0.005,1,200.0,False,0,0.0,,0.0,1.030140124710286e-10
2,1,clustered,0,2.2,0.005,1,200.0,False,0,0.0,,0.0,1.246469550899446e-10
2,1,clustered,0,2.4,0.005,1,200.0,False,0,0.0,,0.0,1.483401779582823e-10
2,1,clustered,0,2.6,0.005,1,200.0,False,0,0.0,,0.0,1.7409368107603973e-10
2,1,clustered,0,0.6,0.001,1,500.0,False,0,0.0,,0.0,8.63300097729306e-11
2,1,clustered,0,0.8,0.001,1,500.0,False,0,0.0,,0.0,1.5347557292964802e-10
2,1,clustered,0,1.0,0.001,1,500.0,False,0,0.0,,0.0,2.398055827025906e-10
2,1,clustered,0,1.2,0.001,1,500.0,False,0,0.0,,0.0,3.453200390917224e-10
2,1,clustered,0,1.4,0.001,1,500.0,False,0,0.0,,0.0,4.70018942097063e-10
2,1,clustered,0,1.6,0.001,1,500.0,False,0,0.0,,0.0,6.139022917185921e-10
2,1,clustered,0,1.8,0.001,1,500.0,False,0,0.0,,0.0,7.769700879563366e-10
2,1,clustered,0,2.0,0.001,1,500.0,False,0,0.0,,0.0,9.592223308103623e-10
2,1,clustered,0,2.2,0.001,1,500.0,False,0,0.0,,0.0,1.1606590202805093e-09
2,1,clustered,0,2.4,0.001,1,500.0,False,0,0.0,,0.0,1.3812801563668897e-09
2,1,clustered,0,2.6,0.001,1,500.0,False,0,0.0,,0.0,1.6210857390694399e-09
2,1,clustered,0,0.6,0.005,1,500.0,False,0,0.0,,0.0,9.271261122392644e-12
2,1,clustered,0,0.8,0.005,1,500.0,False,0,0.0,,0.0,1.6482241995364612e-11
2,1,clustered,0,1.0,0.005,1,500.0,False,0,0.0,,0.0,2.575350311775715e-11
2,1,clustered,0,1.2,0.005,1,500.0,False,0,0.0,,0.0,3.7085044489570574e-11
2,1,clustered,0,1.4,0.005,1,500.0,False,0,0.0,,0.0,5.0476866110804226e-11
2,1,clustered,0,1.6,0.005,1,500.0,False,0,0.0,,0.0,6.592896798145845e-11
2,1,clustered,0,1.8,0.005,1,500.0,False,0,0.0,,0.0,8.344135010153377e-11
2,1,clustered,0,2.0,0.005,1,500.0,False,0,0.0,,0.0,1.030140124710286e-10
2,1,clustered,0,2.2,0.005,1,500.0,False,0,0.0,,0.0,1.246469550899446e-10
2,1,clustered,0,2.4,0.005,1,500.0,False,0,0.0,,0.0,1.483401779582823e-10
2,1,clustered,0,2.6,0.005,1,500.0,False,0,0.0,,0.0,1.7409368107603973e-10
2,1,clustered,1,0.6,0.001,1,100.0,False,0,0.0,,0.0,8.63300097729306e-11
2,1,clustered,1,0.8,0.001,1,100.0,False,0,0.0,,0.0,1.5347557292964802e-10
2,1,clustered,1,1.0,0.001,1,100.0,False,0,0.0,,0.0,2.398055827025906e-10
2,1,clustered,1,1.2,0.001,1,100.0,False,0,0.0,,0.0,3.453200390917224e-10
2,1,clustered,1,1.4,0.001,1,100.0,False,0,0.0,,0.0,4.70018942097063e-10
2,1,clustered,1,1.6,0.001,1,100.0,False,0,0.0,,0.0,6.139022917185921e-10
2,1,clustered,1,1.8,0.001,1,100.0,False,0,0.0,,0.0,7.769700879563366e-10
2,1,clustered,1,2.0,0.001,1,100.0,False,0,0.0,,0.0,9.592223308103623e-10
2,1,clustered,1,2.2,0.001,1,100.0,False,0,0.0,,0.0,1.1606590202805093e-09
2,1,clustered,1,2.4,0.001,1,100.0,False,0,0.0,,0.0,1.3812801563668897e-09
2,1,clustered,1,2.6,0.001,1,100.0,False,0,0.0,,0.0,1.6210857390694399e-09
2,1,clustered,1,0.6,0.005,1,100.0,False,0,0.0,,0.0,9.271261122392644e-12
2,1,clustered,1,0.8,0.005,1,100.0,False,0,0.0,,0.0,1.6482241995364612e-11
2,1,clustered,1,1.0,0.005,1,100.0,False,0,0.0,,0.0,2.575350311775715e-11
2,1,clustered,1,1.2,0.005,1,100.0,False,0,0.0,,0.0,3.7085044489570574e-11
2,1,clustered,1,1.4,0.005,1,100.0,False,0,0.0,,0.0,5.0476866110804226e-11
2,1,clustered,1,1.6,0.005,1,100.0,False,0,0.0,,0.0,6.592896798145845e-11
2,1,clustered,1,1.8,0.005,1,100.0,False,0,0.0,,0.0,8.344135010153377e-11
2,1,clustered,1,2.0,0.005,1,100.0,False,0,0.0,,0.0,1.030140124710286e-10
2,1,clustered,1,2.2,0.005,1,100.0,False,0,0.0,,0.0,1.246469550899446e-10
2,1,clustered,1,2.4,0.005,1,100.0,False,0,0.0,,0.0,1.483401779582823e-10
2,1,clustered,1,2.6,0.005,1,100.0,False,0,0.0,,0.0,1.7409368107603973e-10
2,1,clustered,1,0.6,0.001,1,200.0,False,0,0.0,,0.0,8.63300097729306e-11
2,1,clustered,1,0.8,0.001,1,200.0,False,0,0.0,,0.0,1.5347557292964802e-10
2,1,clustered,1,1.0,0.001,1,200.0,False,0,0.0,,0.0,2.398055827025906e-10
2,1,clustered,1,1.2,0.001,1,200.0,False,0,0.0,,0.0,3.453200390917224e-10
2,1,clustered,1,1.4,0.001,1,200.0,False,0,0.0,,0.0,4.70018942097063e-10
2,1,clustered,1,1.6,0.001,1,200.0,False,0,0.0,,0.0,6.139022917185921e-10
2,1,clustered,1,1.8,0.001,1,200.0,False,0,0.0,,0.0,7.769700879563366e-10
2,1,clustered,1,2.0,0.001,1,200.0,False,0,0.0,,0.0,9.592223308103623e-10
2,1,clustered,1,2.2,0.001,1,200.0,False,0,0.0,,0.0,1.1606590202805093e-09
2,1,clustered,1,2.4,0.001,1,200.0,False,0,0.0,,0.0,1.3812801563668897e-09
2,1,clustered,1,2.6,0.001,1,200.0,False,0,0.0,,0.0,1.6210857390694399e-09
2,1,clustered,1,0.6,0.005,1,200.0,False,0,0.0,,0.0,9.271261122392644e-12
2,1,clustered,1,0.8,0.005,1,200.0,False,0,0.0,,0.0,1.6482241995364612e-11
2,1,clustered,1,1.0,0.005,1,200.0,False,0,0.0,,0.0,2.575350311775715e-11
2,1,clustered,1,1.2,0.005,1,200.0,False,0,0.0,,0.0,3.7085044489570574e-11
2,1,clustered,1,1.4,0.005,1,200.0,False,0,0.0,,0.0,5.0476866110804226e-11
2,1,clustered,1,1.6,0.005,1,200.0,False,0,0.0,,0.0,6.592896798145845e-11
2,1,clustered,1,1.8,0.005,1,200.0,False,0,0.0,,0.0,8.344135010153377e-11
2,1,clustered,1,2.0,0.005,1,200.0,False,0,0.0,,0.0,1.030140124710286e-10
2,1,clustered,1,2.2,0.005,1,200.0,False,0,0.0,,0.0,1.246469550899446e-10
2,1,clustered,1,2.4,0.005,1,200.0,False,0,0.0,,0.0,1.483401779582823e-10
2,1,clustered,1,2.6,0.005,1,200.0,False,0,0.0,,0.0,1.7409368107603973e-10
2,1,clustered,1,0.6,0.001,1,500.0,False,0,0.0,,0.0,8.63300097729306e-11
2,1,clustered,1,0.8,0.001,1,500.0,False,0,0.0,,0.0,1.5347557292964802e-10
2,1,clustered,1,1.0,0.001,1,500.0,False,0,0.0,,0.0,2.398055827025906e-10
2,1,clustered,1,1.2,0.001,1,500.0,False,0,0.0,,0.0,3.453200390917224e-10
2,1,clustered,1,1.4,0.001,1,500.0,False,0,0.0,,0.0,4.70018942097063e-10
2,1,clustered,1,1.6,0.001,1,500.0,False,0,0.0,,0.0,6.139022917185921e-10
2,1,clustered,1,1.8,0.001,1,500.0,False,0,0.0,,0.0,7.769700879563366e-10
2,1,clustered,1,2.0,0.001,1,500.0,False,0,0.0,,0.0,9.592223308103623e-10
2,1,clustered,1,2.2,0.001,1,500.0,False,0,0.0,,0.0,1.1606590202805093e-09
2,1,clustered,1,2.4,0.001,1,500.0,False,0,0.0,,0.0,1.3812801563668897e-09
2,1,clustered,1,2.6,0.001,1,500.0,False,0,0.0,,0.0,1.6210857390694399e-09
2,1,clustered,1,0.6,0.005,1,500.0,False,0,0.0,,0.0,9.271261122392644e-12
2,1,clustered,1,0.8,0.005,1,500.0,False,0,0.0,,0.0,1.6482241995364612e-11
2,1,clustered,1,1.0,0.005,1,500.0,False,0,0.0,,0.0,2.575350311775715e-11
2,1,clustered,1,1.2,0.005,1,500.0,False,0,0.0,,0.0,3.7085044489570574e-11
2,1,clustered,1,1.4,0.005,1,500.0,False,0,0.0,,0.0,5.0476866110804226e-11
2,1,clustered,1,1.6,0.005,1,500.0,False,0,0.0,,0.0,6.592896798145845e-11
2,1,clustered,1,1.8,0.005,1,500.0,False,0,0.0,,0.0,8.344135010153377e-11
2,1,clustered,1,2.0,0.005,1,500.0,False,0,0.0,,0.0,1.030140124710286e-10
2,1,clustered,1,2.2,0.005,1,500.0,False,0,0.0,,0.0,1.246469550899446e-10
2,1,clustered,1,2.4,0.005,1,500.0,False,0,0.0,,0.0,1.483401779582823e-10
2,1,clustered,1,2.6,0.005,1,500.0,False,0,0.0,,0.0,1.7409368107603973e-10
2,2,symmetric,0,0.6,0.001,1,100.0,False,0,0.0,,0.0,2.752280610602432e-10
2,2,symmetric,0,0.8,0.001,1,100.0,False,0,0.0,,0.0,4.89294330773773e-10
2,2,symmetric,0,1.0,0.001,1,100.0,False,0,0.0,,0.0,7.645223918340046e-10
2,2,symmetric,0,1.2,0.001,1,100.0,False,0,0.0,,0.0,1.1009122442409727e-09
2,2,symmetric,0,1.4,0.001,1,100.0,False,0,0.0,,0.0,1.498463887994686e-09
2,2,symmetric,0,1.6,0.001,1,100.0,False,0,0.0,,0.0,1.957177323095092e-09
2,2,symmetric,0,1.8,0.001,1,100.0,False,0,0.0,,0.0,2.4770525495421975e-09
2,2,symmetric,0,2.0,0.001,1,100.0,False,0,0.0,,0.0,3.0580895673360186e-09
2,2,symmetric,0,2.2,0.001,1,100.0,False,0,0.0,,0.0,3.700288376476594e-09
2,2,symmetric,0,2.4,0.001,1,100.0,False,0,0.0,,0.0,4.403648976963891e-09
2,2,symmetric,0,2.6,0.001,1,100.0,False,0,0.0,,0.0,5.168171368797952e-09
2,2,symmetric,0,0.6,0.005,1,100.0,False,0,0.0,,0.0,1.6916411644621225e-11
2,2,symmetric,0,0.8,0.005,1,100.0,False,0,0.0,,0.0,3.007362070154888e-11
2,2,symmetric,0,1.0,0.005,1,100.0,False,0,0.0,,0.0,4.699003234617004e-11
2,2,symmetric,0,1.2,0.005,1,100.0,False,0,0.0,,0.0,6.76656465784849e-11
2,2,symmetric,0,1.4,0.005,1,100.0,False,0,0.0,,0.0,9.21004633984933e-11
2,2,symmetric,0,1.6,0.005,1,100.0,False,0,0.0,,0.0,1.2029448280619553e-10
2,2,symmetric,0,1.8,0.005,1,100.0,False,0,0.0,,0.0,1.522477048015916e-10
2,2,symmetric,0,2.0,0.005,1,100.0,False,0,0.0,,0.0,1.8796012938468017e-10
2,2,symmetric,0,2.2,0.005,1,100.0,False,0,0.0,,0.0,2.274317565554645e-10
2,2,symmetric,0,2.4,0.005,1,100.0,False,0,0.0,,0.0,2.706625863139396e-10
2,2,symmetric,0,2.6,0.005,1,100.0,False,0,0.0,,0.0,3.176526186601128e-10
2,2,symmetric,0,0.6,0.001,1,200.0,False,0,0.0,,0.0,2.752280610602432e-10
2,2,symmetric,0,0.8,0.001,1,200.0,False,0,0.0,,0.0,4.89294330773773e-10
2,2,symmetric,0,1.0,0.001,1,200.0,False,0,0.0,,0.0,7.645223918340046e-10
2,2,symmetric,0,1.2,0.001,1,200.0,False,0,0.0,,0.0,1.1009122442409727e-09
2,2,symmetric,0,1.4,0.001,1,200.0,False,0,0.0,,0.0,1.498463887994686e-09
2,2,symmetric,0,1.6,0.001,1,200.0,False,0,0.0,,0.0,1.957177323095092e-09
2,2,symmetric,0,1.8,0.001,1,200.0,False,0,0.0,,0.0,2.4770525495421975e-09
2,2,symmetric,0,2.0,0.001,1,200.0,False,0,0.0,,0.0,3.0580895673360186e-09
2,2,symmetric,0,2.2,0.001,1,200.0,False,0,0.0,,0.0,3.700288376476594e-09
2,2,symmetric,0,2.4,0.001,1,200.0,False,0,0.0,,0.0,4.403648976963891e-09
2,2,symmetric,0,2.6,0.001,1,200.0,False,0,0.0,,0.0,5.168171368797952e-09
2,2,symmetric,0,0.6,0.005,1,200.0,False,0,0.0,,0.0,1.6916411644621225e-11
2,2,symmetric,0,0.8,0.005,1,200.0,False,0,0.0,,0.0,3.007362070154888e-11
2,2,symmetric,0,1.0,0.005,1,200.0,False,0,0.0,,0.0,4.699003234617004e-11
2,2,symmetric,0,1.2,0.005,1,200.0,False,0,0.0,,0.0,6.76656465784849e-11
2,2,symmetric,0,1.4,0.005,1,200.0,False,0,0.0,,0.0,9.21004633984933e-11
2,2,symmetric,0,1.6,0.005,1,200.0,False,0,0.0,,0.0,1.2029448280619553e-10
2,2,symmetric,0,1.8,0.005,1,200.0,False,0,0.0,,0.0,1.522477048015916e-10
2,2,symmetric,0,2.0,0.005,1,200.0,False,0,0.0,,0.0,1.8796012938468017e-10
2,2,symmetric,0,2.2,0.005,1,200.0,False,0,0.0,,0.0,2.274317565554645e-10
2,2,symmetric,0,2.4,0.005,1,200.0,False,0,0.0,,0.0,2.706625863139396e-10
2,2,symmetric,0,2.6,0.005,1,200.0,False,0,0.0,,0.0,3.176526186601128e-10
2,2,symmetric,0,0.6,0.001,1,500.0,False,0,0.0,,0.0,2.752280610602432e-10
2,2,symmetric,0,0.8,0.001,1,500.0,False,0,0.0,,0.0,4.89294330773773e-10
2,2,symmetric,0,1.0,0.001,1,500.0,False,0,0.0,,0.0,7.645223918340046e-10
2,2,symmetric,0,1.2,0.001,1,500.0,False,0,0.0,,0.0,1.1009122442409727e-09
2,2,symmetric,0,1.4,0.001,1,500.0,False,0,0.0,,0.0,1.498463887994686e-09
2,2,symmetric,0,1.6,0.001,1,500.0,False,0,0.0,,0.0,1.957177323095092e-09
2,2,symmetric,0,1.8,0.001,1,500.0,False,0,0.0,,0.0,2.4770525495421975e-09
2,2,symmetric,0,2.0,0.001,1,500.0,False,0,0.0,,0.0,3.0580895673360186e-09
2,2,symmetric,0,2.2,0.001,1,500.0,False,0,0.0,,0.0,3.700288376476594e-09
2,2,symmetric,0,2.4,0.001,1,500.0,False,0,0.0,,0.0,4.403648976963891e-09
2,2,symmetric,0,2.6,0.001,1,500.0,False,0,0.0,,0.0,5.168171368797952e-09
2,2,symmetric,0,0.6,0.005,1,500.0,False,0,0.0,,0.0,1.6916411644621225e-11
2,2,symmetric,0,0.8,0.005,1,500.0,False,0,0.0,,0.0,3.007362070154888e-11
2,2,symmetric,0,1.0,0.005,1,500.0,False,0,0.0,,0.0,4.699003234617004e-11
2,2,symmetric,0,1.2,0.005,1,500.0,False,0,0.0,,0.0,6.76656465784849e-11
2,2,symmetric,0,1.4,0.005,1,500.0,False,0,0.0,,0.0,9.21004633984933e-11
2,2,symmetric,0,1.6,0.005,1,500.0,False,0,0.0,,0.0,1.2029448280619553e-10
2,2,symmetric,0,1.8,0.005,1,500.0,False,0,0.0,,0.0,1.522477048015916e-10
2,2,symmetric,0,2.0,0.005,1,500.0,False,0,0.0,,0.0,1.8796012938468017e-10
2,2,symmetric,0,2.2,0.005,1,500.0,False,0,0.0,,0.0,2.274317565554645e-10
2,2,symmetric,0,2.4,0.005,1,500.0,False,0,0.0,,0.0,2.706625863139396e-10
2,2,symmetric,0,2.6,0.005,1,500.0,False,0,0.0,,0.0,3.176526186601128e-10
2,2,symmetric,1,0.6,0.001,1,100.0,False,0,0.0,,0.0,2.752280610602432e-10
2,2,symmetric,1,0.8,0.001,1,100.0,False,0,0.0,,0.0,4.89294330773773e-10
2,2,symmetric,1,1.0,0.001,1,100.0,False,0,0.0,,0.0,7.645223918340046e-10
2,2,symmetric,1,1.2,0.001,1,100.0,False,0,0.0,,0.0,1.1009122442409727e-09
2,2,symmetric,1,1.4,0.001,1,100.0,False,0,0.0,,0.0,1.498463887994686e-09
2,2,symmetric,1,1.6,0.001,1,100.0,False,0,0.0,,0.0,1.957177323095092e-09
2,2,symmetric,1,1.8,0.001,1,100.0,False,0,0.0,,0.0,2.4770525495421975e-09
2,2,symmetric,1,2.0,0.001,1,100.0,False,0,0.0,,0.0,3.0580895673360186e-09
2,2,symmetric,1,2.2,0.001,1,100.0,False,0,0.0,,0.0,3.700288376476594e-09
2,2,symmetric,1,2.4,0.001,1,100.0,False,0,0.0,,0.0,4.403648976963891e-09
2,2,symmetric,1,2.6,0.001,1,100.0,False,0,0.0,,0.0,5.168171368797952e-09
2,2,symmetric,1,0.6,0.005,1,100.0,False,0,0.0,,0.0,1.6916411644621225e-11
2,2,symmetric,1,0.8,0.005,1,100.0,False,0,0.0,,0.0,3.007362070154888e-11
2,2,symmetric,1,1.0,0.005,1,100.0,False,0,0.0,,0.0,4.699003234617004e-11
2,2,symmetric,1,1.2,0.005,1,100.0,False,0,0.0,,0.0,6.76656465784849e-11
2,2,symmetric,1,1.4,0.005,1,100.0,False,0,0.0,,0.0,9.21004633984933e-11
2,2,symmetric,1,1.6,0.005,1,100.0,False,0,0.0,,0.0,1.2029448280619553e-10
2,2,symmetric,1,1.8,0.005,1,100.0,False,0,0.0,,0.0,1.522477048015916e-10
2,2,symmetric,1,2.0,0.005,1,100.0,False,0,0.0,,0.0,1.8796012938468017e-10
2,2,symmetric,1,2.2,0.005,1,100.0,False,0,0.0,,0.0,2.274317565554645e-10
2,2,symmetric,1,2.4,0.005,1,100.0,False,0,0.0,,0.0,2.706625863139396e-10
2,2,symmetric,1,2.6,0.005,1,100.0,False,0,0.0,,0.0,3.176526186601128e-10
2,2,symmetric,1,0.6,0.001,1,200.0,False,0,0.0,,0.0,2.752280610602432e-10
2,2,symmetric,1,0.8,0.001,1,200.0,False,0,0.0,,0.0,4.89294330773773e-10
2,2,symmetric,1,1.0,0.001,1,200.0,False,0,0.0,,0.0,7.645223918340046e-10
2,2,symmetric,1,1.2,0.001,1,200.0,False,0,0.0,,0.0,1.1009122442409727e-09
2,2,symmetric,1,1.4,0.001,1,200.0,False,0,0.0,,0.0,1.498463887994686e-09
2,2,symmetric,1,1.6,0.001,1,200.0,False,0,0.0,,0.0,1.957177323095092e-09
2,2,symmetric,1,1.8,0.001,1,200.0,False,0,0.0,,0.0,2.4770525495421975e-09
2,2,symmetric,1,2.0,0.001,1,200.0,False,0,0.0,,0.0,3.0580895673360186e-09
2,2,symmetric,1,2.2,0.001,1,200.0,False,0,0.0,,0.0,3.700288376476594e-09
2,2,symmetric,1,2.4,0.001,1,200.0,False,0,0.0,,0.0,4.403648976963891e-09
2,2,symmetric,1,2.6,0.001,1,200.0,False,0,0.0,,0.0,5.168171368797952e-09
2,2,symmetric,1,0.6,0.005,1,200.0,False,0,0.0,,0.0,1.6916411644621225e-11
2,2,symmetric,1,0.8,0.005,1,200.0,False,0,0.0,,0.0,3.007362070154888e-11
2,2,symmetric,1,1.0,0.005,1,200.0,False,0,0.0,,0.0,4.699003234617004e-11
2,2,symmetric,1,1.2,0.005,1,200.0,False,0,0.0,,0.0,6.76656465784849e-11
2,2,symmetric,1,1.4,0.005,1,200.0,False,0,0.0,,0.0,9.21004633984933e-11
2,2,symmetric,1,1.6,0.005,1,200.0,False,0,0.0,,0.0,1.2029448280619553e-10
2,2,symmetric,1,1.8,0.005,1,200.0,False,0,0.0,,0.0,1.522477048015916e-10
2,2,symmetric,1,2.0,0.005,1,200.0,False,0,0.0,,0.0,1.8796012938468017e-10
2,2,symmetric,1,2.2,0.005,1,200.0,False,0,0.0,,0.0,2.274317565554645e-10
2,2,symmetric,1,2.4,0.005,1,200.0,False,0,0.0,,0.0,2.706625863139396e-10
2,2,symmetric,1,2.6,0.005,1,200.0,False,0,0.0,,0.0,3.176526186601128e-10
2,2,symmetric,1,0.6,0.001,1,500.0,False,0,0.0,,0.0,2.752280610602432e-10
2,2,symmetric,1,0.8,0.001,1,500.0,False,0,0.0,,0.0,4.89294330773773e-10
2,2,symmetric,1,1.0,0.001,1,500.0,False,0,0.0,,0.0,7.645223918340046e-10
2,2,symmetric,1,1.2,0.001,1,500.0,False,0,0.0,,0.0,1.1009122442409727e-09
2,2,symmetric,1,1.4,0.001,1,500.0,False,0,0.0,,0.0,1.498463887994686e-09
2,2,symmetric,1,1.6,0.001,1,500.0,False,0,0.0,,0.0,1.957177323095092e-09
2,2,symmetric,1,1.8,0.001,1,500.0,False,0,0.0,,0.0,2.4770525495421975e-09
2,2,symmetric,1,2.0,0.001,1,500.0,False,0,0.0,,0.0,3.0580895673360186e-09
2,2,symmetric,1,2.2,0.001,1,500.0,False,0,0.0,,0.0,3.700288376476594e-09
2,2,symmetric,1,2.4,0.001,1,500.0,False,0,0.0,,0.0,4.403648976963891e-09
2,2,symmetric,1,2.6,0.001,1,500.0,False,0,0.0,,0.0,5.168171368797952e-09
2,2,symmetric,1,0.6,0.005,1,500.0,False,0,0.0,,0.0,1.6916411644621225e-11
2,2,symmetric,1,0.8,0.005,1,500.0,False,0,0.0,,0.0,3.007362070154888e-11
2,2,symmetric,1,1.0,0.005,1,500.0,False,0,0.0,,0.0,4.699003234617004e-11
2,2,symmetric,1,1.2,0.005,1,500.0,False,0,0.0,,0.0,6.76656465784849e-11
2,2,symmetric,1,1.4,0.005,1,500.0,False,0,0.0,,0.0,9.21004633984933e-11
2,2,symmetric,1,1.6,0.005,1,500.0,False,0,0.0,,0.0,1.2029448280619553e-10
2,2,symmetric,1,1.8,0.005,1,500.0,False,0,0.0,,0.0,1.522477048015916e-10
2,2,symmetric,1,2.0,0.005,1,500.0,False,0,0.0,,0.0,1.8796012938468017e-10
2,2,symmetric,1,2.2,0.005,1,500.0,False,0,0.0,,0.0,2.274317565554645e-10
2,2,symmetric,1,2.4,0.005,1,500.0,False,0,0.0,,0.0,2.706625863139396e-10
2,2,symmetric,1,2.6,0.005,1,500.0,False,0,0.0,,0.0,3.176526186601128e-10
2,2,clustered,0,0.6,0.001,1,100.0,False,0,0.0,,0.0,2.3617342662726964e-10
2,2,clustered,0,0.8,0.001,1,100.0,False,0,0.0,,0.0,4.1986386955959147e-10
2,2,clustered,0,1.0,0.001,1,100.0,False,0,0.0,,0.0,6.560372961868535e-10
2,2,clustered,0,1.2,0.001,1,100.0,False,0,0.0,,0.0,9.446937065090786e-10
2,2,clustered,0,1.4,0.001,1,100.0,False,0,0.0,,0.0,1.2858331005262246e-09
2,2,clustered,0,1.6,0.001,1,100.0,False,0,0.0,,0.0,1.6794554782383659e-09
2,2,clustered,0,1.8,0.001,1,100.0,False,0,0.0,,0.0,2.1255608396454434e-09
2,2,clustered,0,2.0,0.001,1,100.0,False,0,0.0,,0.0,2.624149184747414e-09
2,2,clustered,0,2.2,0.001,1,100.0,False,0,0.0,,0.0,3.175220513544405e-09
2,2,clustered,0,2.4,0.001,1,100.0,False,0,0.0,,0.0,3.778774826036314e-09
2,2,clustered,0,2.6,0.001,1,100.0,False,0,0.0,,0.0,4.4348121222231635e-09
2,2,clustered,0,0.6,0.005,1,100.0,False,0,0.0,,0.0,9.717650288085087e-12
2,2,clustered,0,0.8,0.005,1,100.0,False,0,0.0,,0.0,1.727582273437317e-11
2,2,clustered,0,1.0,0.005,1,100.0,False,0,0.0,,0.0,2.6993473022458694e-11
2,2,clustered,0,1.2,0.005,1,100.0,False,0,0.0,,0.0,3.887060115234035e-11
2,2,clustered,0,1.4,0.005,1,100.0,False,0,0.0,,0.0,5.2907207124018884e-11
2,2,clustered,0,1.6,0.005,1,100.0,False,0,0.0,,0.0,6.910329093749268e-11
2,2,clustered,0,1.8,0.005,1,100.0,False,0,0.0,,0.0,8.745885259276573e-11
2,2,clustered,0,2.0,0.005,1,100.0,False,0,0.0,,0.0,1.0797389208983478e-10
2,2,clustered,0,2.2,0.005,1,100.0,False,0,0.0,,0.0,1.3064840942869728e-10
2,2,clustered,0,2.4,0.005,1,100.0,False,0,0.0,,0.0,1.554824046093614e-10
2,2,clustered,0,2.6,0.005,1,100.0,False,0,0.0,,0.0,1.824758776318182e-10
2,2,clustered,0,0.6,0.001,1,200.0,False,0,0.0,,0.0,2.3617342662726964e-10
2,2,clustered,0,0.8,0.001,1,200.0,False,0,0.0,,0.0,4.1986386955959147e-10
2,2,clustered,0,1.0,0.001,1,200.0,False,0,0.0,,0.0,6.560372961868535e-10
2,2,clustered,0,1.2,0.001,1,200.0,False,0,0.0,,0.0,9.446937065090786e-10
2,2,clustered,0,1.4,0.001,1,200.0,False,0,0.0,,0.0,1.2858331005262246e-09
2,2,clustered,0,1.6,0.001,1,200.0,False,0,0.0,,0.0,1.6794554782383659e-09
2,2,clustered,0,1.8,0.001,1,200.0,False,0,0.0,,0.0,2.1255608396454434e-09
2,2,clustered,0,2.0,0.001,1,200.0,False,0,0.0,,0.0,2.624149184747414e-09
2,2,clustered,0,2.2,0.001,1,200.0,False,0,0.0,,0.0,3.175220513544405e-09
2,2,clustered,0,2.4,0.001,1,200.0,False,0,0.0,,0.0,3.778774826036314e-09
2,2,clustered,0,2.6,0.001,1,200.0,False,0,0.0,,0.0,4.4348121222231635e-09
2,2,clustered,0,0.6,0.005,1,200.0,False,0,0.0,,0.0,9.717650288085087e-12
2,2,clustered,0,0.8,0.005,1,200.0,False,0,0.0,,0.0,1.727582273437317e-11
2,2,clustered,0,1.0,0.005,1,200.0,False,0,0.0,,0.0,2.6993473022458694e-11
2,2,clustered,0,1.2,0.005,1,200.0,False,0,0.0,,0.0,3.887060115234035e-11
2,2,clustered,0,1.4,0.005,1,200.0,False,0,0.0,,0.0,5.2907207124018884e-11
2,2,clustered,0,1.6,0.005,1,200.0,False,0,0.0,,0.0,6.910329093749268e-11
2,2,clustered,0,1.8,0.005,1,200.0,False,0,0.0,,0.0,8.745885259276573e-11
2,2,clustered,0,2.0,0.005,1,200.0,False,0,0.0,,0.0,1.0797389208983478e-10
2,2,clustered,0,2.2,0.005,1,200.0,False,0,0.0,,0.0,1.3064840942869728e-10
2,2,clustered,0,2.4,0.005,1,200.0,False,0,0.0,,0.0,1.554824046093614e-10
2,2,clustered,0,2.6,0.005,1,200.0,False,0,0.0,,0.0,1.824758776318182e-10
2,2,clustered,0,0.6,0.001,1,500.0,False,0,0.0,,0.0,2.3617342662726964e-10
2,2,clustered,0,0.8,0.001,1,500.0,False,0,0.0,,0.0,4.1986386955959147e-10
2,2,clustered,0,1.0,0.001,1,500.0,False,0,0.0,,0.0,6.560372961868535e-10
2,2,clustered,0,1.2,0.001,1,500.0,False,0,0.0,,0.0,9.446937065090786e-10
2,2,clustered,0,1.4,0.001,1,500.0,False,0,0.0,,0.0,1.2858331005262246e-09
2,2,clustered,0,1.6,0.001,1,500.0,False,0,0.0,,0.0,1.6794554782383659e-09
2,2,clustered,0,1.8,0.001,1,500.0,False,0,0.0,,0.0,2.1255608396454434e-09
2,2,clustered,0,2.0,0.001,1,500.0,False,0,0.0,,0.0,2.624149184747414e-09
2,2,clustered,0,2.2,0.001,1,500.0,False,0,0.0,,0.0,3.175220513544405e-09
2,2,clustered,0,2.4,0.001,1,500.0,False,0,0.0,,0.0,3.778774826036314e-09
2,2,clustered,0,2.6,0.001,1,500.0,False,0,0.0,,0.0,4.4348121222231635e-09
2,2,clustered,0,0.6,0.005,1,500.0,False,0,0.0,,0.0,9.717650288085087e-12
2,2,clustered,0,0.8,0.005,1,500.0,False,0,0.0,,0.0,1.727582273437317e-11
2,2,clustered,0,1.0,0.005,1,500.0,False,0,0.0,,0.0,2.6993473022458694e-11
2,2,clustered,0,1.2,0.005,1,500.0,False,0,0.0,,0.0,3.887060115234035e-11
2,2,clustered,0,1.4,0.005,1,500.0,False,0,0.0,,0.0,5.2907207124018884e-11
2,2,clustered,0,1.6,0.005,1,500.0,False,0,0.0,,0.0,6.910329093749268e-11
2,2,clustered,0,1.8,0.005,1,500.0,False,0,0.0,,0.0,8.745885259276573e-11
2,2,clustered,0,2.0,0.005,1,500.0,False,0,0.0,,0.0,1.0797389208983478e-10
2,2,clustered,0,2.2,0.005,1,500.0,False,0,0.0,,0.0,1.3064840942869728e-10
2,2,clustered,0,2.4,0.005,1,500.0,False,0,0.0,,0.0,1.554824046093614e-10
2,2,clustered,0,2.6,0.005,1,500.0,False,0,0.0,,0.0,1.824758776318182e-10
2,2,clustered,1,0.6,0.001,1,100.0,False,0,0.0,,0.0,2.3617342662726964e-10
2,2,clustered,1,0.8,0.001,1,100.0,False,0,0.0,,0.0,4.1986386955959147e-10
2,2,clustered,1,1.0,0.001,1,100.0,False,0,0.0,,0.0,6.560372961868535e-10
2,2,clustered,1,1.2,0.001,1,100.0,False,0,0.0,,0.0,9.446937065090786e-10
2,2,clustered,1,1.4,0.001,1,100.0,False,0,0.0,,0.0,1.2858331005262246e-09
2,2,clustered,1,1.6,0.001,1,100.0,False,0,0.0,,0.0,1.6794554782383659e-09
2,2,clustered,1,1.8,0.001,1,100.0,False,0,0.0,,0.0,2.1255608396454434e-09
2,2,clustered,1,2.0,0.001,1,100.0,False,0,0.0,,0.0,2.624149184747414e-09
2,2,clustered,1,2.2,0.001,1,100.0,False,0,0.0,,0.0,3.175220513544405e-09
2,2,clustered,1,2.4,0.001,1,100.0,False,0,0.0,,0.0,3.778774826036314e-09
2,2,clustered,1,2.6,0.001,1,100.0,False,0,0.0,,0.0,4.4348121222231635e-09
2,2,clustered,1,0.6,0.005,1,100.0,False,0,0.0,,0.0,9.717650288085087e-12
2,2,clustered,1,0.8,0.005,1,100.0,False,0,0.0,,0.0,1.727582273437317e-11
2,2,clustered,1,1.0,0.005,1,100.0,False,0,0.0,,0.0,2.6993473022458694e-11
2,2,clustered,1,1.2,0.005,1,100.0,False,0,0.0,,0.0,3.887060115234035e-11
2,2,clustered,1,1.4,0.005,1,100.0,False,0,0.0,,0.0,5.2907207124018884e-11
2,2,clustered,1,1.6,0.005,1,100.0,False,0,0.0,,0.0,6.910329093749268e-11
2,2,clustered,1,1.8,0.005,1,100.0,False,0,0.0,,0.0,8.745885259276573e-11
2,2,clustered,1,2.0,0.005,1,100.0,False,0,0.0,,0.0,1.0797389208983478e-10
2,2,clustered,1,2.2,0.005,1,100.0,False,0,0.0,,0.0,1.3064840942869728e-10
2,2,clustered,1,2.4,0.005,1,100.0,False,0,0.0,,0.0,1.554824046093614e-10
2,2,clustered,1,2.6,0.005,1,100.0,False,0,0.0,,0.0,1.824758776318182e-10
2,2,clustered,1,0.6,0.001,1,200.0,False,0,0.0,,0.0,2.3617342662726964e-10
2,2,clustered,1,0.8,0.001,1,200.0,False,0,0.0,,0.0,4.1986386955959147e-10
2,2,clustered,1,1.0,0.001,1,200.0,False,0,0.0,,0.0,6.560372961868535e-10
2,2,clustered,1,1.2,0.001,1,200.0,False,0,0.0,,0.0,9.446937065090786e-10
2,2,clustered,1,1.4,0.001,1,200.0,False,0,0.0,,0.0,1.2858331005262246e-09
2,2,clustered,1,1.6,0.001,1,200.0,False,0,0.0,,0.0,1.6794554782383659e-09
2,2,clustered,1,1.8,0.001,1,200.0,False,0,0.0,,0.0,2.1255608396454434e-09
2,2,clustered,1,2.0,0.001,1,200.0,False,0,0.0,,0.0,2.624149184747414e-09
2,2,clustered,1,2.2,0.001,1,200.0,False,0,0.0,,0.0,3.175220513544405e-09
2,2,clustered,1,2.4,0.001,1,200.0,False,0,0.0,,0.0,3.778774826036314e-09
2,2,clustered,1,2.6,0.001,1,200.0,False,0,0.0,,0.0,4.4348121222231635e-09
2,2,clustered,1,0.6,0.005,1,200.0,False,0,0.0,,0.0,9.717650288085087e-12
2,2,clustered,1,0.8,0.005,1,200.0,False,0,0.0,,0.0,1.727582273437317e-11
2,2,clustered,1,1.0,0.005,1,200.0,False,0,0.0,,0.0,2.6993473022458694e-11
2,2,clustered,1,1.2,0.005,1,200.0,False,0,0.0,,0.0,3.887060115234035e-11
2,2,clustered,1,1.4,0.005,1,200.0,False,0,0.0,,0.0,5.2907207124018884e-11
2,2,clustered,1,1.6,0.005,1,200.0,False,0,0.0,,0.0,6.910329093749268e-11
2,2,clustered,1,1.8,0.005,1,200.0,False,0,0.0,,0.0,8.745885259276573e-11
2,2,clustered,1,2.0,0.005,1,200.0,False,0,0.0,,0.0,1.0797389208983478e-10
2,2,clustered,1,2.2,0.005,1,200.0,False,0,0.0,,0.0,1.3064840942869728e-10
2,2,clustered,1,2.4,0.005,1,200.0,False,0,0.0,,0.0,1.554824046093614e-10
2,2,clustered,1,2.6,0.005,1,200.0,False,0,0.0,,0.0,1.824758776318182e-10
2,2,clustered,1,0.6,0.001,1,500.0,False,0,0.0,,0.0,2.3617342662726964e-10
2,2,clustered,1,0.8,0.001,1,500.0,False,0,0.0,,0.0,4.1986386955959147e-10
2,2,clustered,1,1.0,0.001,1,500.0,False,0,0.0,,0.0,6.560372961868535e-10
2,2,clustered,1,1.2,0.001,1,500.0,False,0,0.0,,0.0,9.446937065090786e-10
2,2,clustered,1,1.4,0.001,1,500.0,False,0,0.0,,0.0,1.2858331005262246e-09
2,2,clustered,1,1.6,0.001,1,500.0,False,0,0.0,,0.0,1.6794554782383659e-09
2,2,clustered,1,1.8,0.001,1,500.0,False,0,0.0,,0.0,2.1255608396454434e-09
2,2,clustered,1,2.0,0.001,1,500.0,False,0,0.0,,0.0,2.624149184747414e-09
2,2,clustered,1,2.2,0.001,1,500.0,False,0,0.0,,0.0,3.175220513544405e-09
2,2,clustered,1,2.4,0.001,1,500.0,False,0,0.0,,0.0,3.778774826036314e-09
2,2,clustered,1,2.6,0.001,1,500.0,False,0,0.0,,0.0,4.4348121222231635e-09
2,2,clustered,1,0.6,0.005,1,500.0,False,0,0.0,,0.0,9.717650288085087e-12
2,2,clustered,1,0.8,0.005,1,500.0,False,0,0.0,,0.0,1.727582273437317e-11
2,2,clustered,1,1.0,0.005,1,500.0,False,0,0.0,,0.0,2.6993473022458694e-11
2,2,clustered,1,1.2,0.005,1,500.0,False,0,0.0,,0.0,3.887060115234035e-11
2,2,clustered,1,1.4,0.005,1,500.0,False,0,0.0,,0.0,5.2907207124018884e-11
2,2,clustered,1,1.6,0.005,1,500.0,False,0,0.0,,0.0,6.910329093749268e-11
2,2,clustered,1,1.8,0.005,1,500.0,False,0,0.0,,0.0,8.745885259276573e-11
2,2,clustered,1,2.0,0.005,1,500.0,False,0,0.0,,0.0,1.0797389208983478e-10
2,2,clustered,1,2.2,0.005,1,500.0,False,0,0.0,,0.0,1.3064840942869728e-10
2,2,clustered,1,2.4,0.005,1,500.0,False,0,0.0,,0.0,1.554824046093614e-10
2,2,clustered,1,2.6,0.005,1,500.0,False,0,0.0,,0.0,1.824758776318182e-10
2,4,symmetric,0,0.6,0.001,1,100.0,False,0,0.0,,0.0,1.0663755515405712e-09
2,4,symmetric,0,0.8,0.001,1,100.0,False,0,0.0,,0.0,1.8957787582943413e-09
2,4,symmetric,0,1.0,0.001,1,100.0,False,0,0.0,,0.0,2.9621543098349623e-09
2,4,symmetric,0,1.2,0.001,1,100.0,False,0,0.0,,0.0,4.265502206162285e-09
2,4,symmetric,0,1.4,0.001,1,100.0,False,0,0.0,,0.0,5.805822447276419e-09
2,4,symmetric,0,1.6,0.001,1,100.0,False,0,0.0,,0.0,7.583115033177365e-09
2,4,symmetric,0,1.8,0.001,1,100.0,False,0,0.0,,0.0,9.597379963865092e-09
2,4,symmetric,0,2.0,0.001,1,100.0,False,0,0.0,,0.0,1.1848617239339849e-08
2,4,symmetric,0,2.2,0.001,1,100.0,False,0,0.0,,0.0,1.4336826859600766e-08
2,4,symmetric,0,2.4,0.001,1,100.0,False,0,0.0,,0.0,1.706200882464914e-08
2,4,symmetric,0,2.6,0.001,1,100.0,False,0,0.0,,0.0,2.0024163134484368e-08
2,4,symmetric,0,0.6,0.005,1,100.0,False,0,0.0,,0.0,6.531902821343606e-11
2,4,symmetric,0,0.8,0.005,1,100.0,False,0,0.0,,0.0,1.16122716823887e-10
2,4,symmetric,0,1.0,0.005,1,100.0,False,0,0.0,,0.0,1.8144174503732421e-10
2,4,symmetric,0,1.2,0.005,1,100.0,False,0,0.0,,0.0,2.6127611285374426e-10
2,4,symmetric,0,1.4,0.005,1,100.0,False,0,0.0,,0.0,3.5562582027315115e-10
2,4,symmetric,0,1.6,0.005,1,100.0,False,0,0.0,,0.0,4.64490867295548e-10
2,4,symmetric,0,1.8,0.005,1,100.0,False,0,0.0,,0.0,5.878712539209255e-10
2,4,symmetric,0,2.0,0.005,1,100.0,False,0,0.0,,0.0,7.257669801492969e-10
2,4,symmetric,0,2.2,0.005,1,100.0,False,0,0.0,,0.0,8.781780459806444e-10
2,4,symmetric,0,2.4,0.005,1,100.0,False,0,0.0,,0.0,1.045104451414977e-09
2,4,symmetric,0,2.6,0.005,1,100.0,False,0,0.0,,0.0,1.2265461964523048e-09
2,4,symmetric,0,0.6,0.001,1,200.0,False,0,0.0,,0.0,1.0663755515405712e-09
2,4,symmetric,0,0.8,0.001,1,200.0,False,0,0.0,,0.0,1.8957787582943413e-09
2,4,symmetric,0,1.0,0.001,1,200.0,False,0,0.0,,0.0,2.9621543098349623e-09
2,4,symmetric,0,1.2,0.001,1,200.0,False,0,0.0,,0.0,4.265502206162285e-09
2,4,symmetric,0,1.4,0.001,1,200.0,False,0,0.0,,0.0,5.805822447276419e-09
2,4,symmetric,0,1.6,0.001,1,200.0,False,0,0.0,,0.0,7.583115033177365e-09
2,4,symmetric,0,1.8,0.001,1,200.0,False,0,0.0,,0.0,9.597379963865092e-09
2,4,symmetric,0,2.0,0.001,1,200.0,False,0,0.0,,0.0,1.1848617239339849e-08
2,4,symmetric,0,2.2,0.001,1,200.0,False,0,0.0,,0.0,1.4336826859600766e-08
2,4,symmetric,0,2.4,0.001,1,200.0,False,0,0.0,,0.0,1.706200882464914e-08
2,4,symmetric,0,2.6,0.001,1,200.0,False,0,0.0,,0.0,2.0024163134484368e-08
2,4,symmetric,0,0.6,0.005,1,200.0,False,0,0.0,,0.0,6.531902821343606e-11
2,4,symmetric,0,0.8,0.005,1,200.0,False,0,0.0,,0.0,1.16122716823887e-10
2,4,symmetric,0,1.0,0.005,1,200.0,False,0,0.0,,0.0,1.8144174503732421e-10
2,4,symmetric,0,1.2,0.005,1,200.0,False,0,0.0,,0.0,2.6127611285374426e-10
2,4,symmetric,0,1.4,0.005,1,200.0,False,0,0.0,,0.0,3.5562582027315115e-10
2,4,symmetric,0,1.6,0.005,1,200.0,False,0,0.0,,0.0,4.64490867295548e-10
2,4,symmetric,0,1.8,0.005,1,200.0,False,0,0.0,,0.0,5.878712539209255e-10
2,4,symmetric,0,2.0,0.005,1,200.0,False,0,0.0,,0.0,7.257669801492969e-10
2,4,symmetric,0,2.2,0.005,1,200.0,False,0,0.0,,0.0,8.781780459806444e-10
2,4,symmetric,0,2.4,0.005,1,200.0,False,0,0.0,,0.0,1.045104451414977e-09
2,4,symmetric,0,2.6,0.005,1,200.0,False,0,0.0,,0.0,1.2265461964523048e-09
2,4,symmetric,0,0.6,0.001,1,500.0,False,0,0.0,,0.0,1.0663755515405712e-09
2,4,symmetric,0,0.8,0.001,1,500.0,False,0,0.0,,0.0,1.8957787582943413e-09
2,4,symmetric,0,1.0,0.001,1,500.0,False,0,0.0,,0.0,2.9621543098349623e-09
2,4,symmetric,0,1.2,0.001,1,500.0,False,0,0.0,,0.0,4.265502206162285e-09
2,4,symmetric,0,1.4,0.001,1,500.0,False,0,0.0,,0.0,5.805822447276419e-09
2,4,symmetric,0,1.6,0.001,1,500.0,False,0,0.0,,0.0,7.583115033177365e-09
2,4,symmetric,0,1.8,0.001,1,500.0,False,0,0.0,,0.0,9.597379963865092e-09
2,4,symmetric,0,2.0,0.001,1,500.0,False,0,0.0,,0.0,1.1848617239339849e-08
2,4,symmetric,0,2.2,0.001,1,500.0,False,0,0.0,,0.0,1.4336826859600766e-08
2,4,symmetric,0,2.4,0.001,1,500.0,False,0,0.0,,0.0,1.706200882464914e-08
2,4,symmetric,0,2.6,0.001,1,500.0,False,0,0.0,,0.0,2.0024163134484368e-08
2,4,symmetric,0,0.6,0.005,1,500.0,False,0,0.0,,0.0,6.531902821343606e-11
2,4,symmetric,0,0.8,0.005,1,500.0,False,0,0.0,,0.0,1.16122716823887e-10
2,4,symmetric,0,1.0,0.005,1,500.0,False,0,0.0,,0.0,1.8144174503732421e-10
2,4,symmetric,0,1.2,0.005,1,500.0,False,0,0.0,,0.0,2.6127611285374426e-10
2,4,symmetric,0,1.4,0.005,1,500.0,False,0,0.0,,0.0,3.5562582027315115e-10
2,4,symmetric,0,1.6,0.005,1,500.0,False,0,0.0,,0.0,4.64490867295548e-10
2,4,symmetric,0,1.8,0.005,1,500.0,False,0,0.0,,0.0,5.878712539209255e-10
2,4,symmetric,0,2.0,0.005,1,500.0,False,0,0.0,,0.0,7.257669801492969e-10
2,4,symmetric,0,2.2,0.005,1,500.0,False,0,0.0,,0.0,8.781780459806444e-10
2,4,symmetric,0,2.4,0.005,1,500.0,False,0,0.0,,0.0,1.045104451414977e-09
2,4,symmetric,0,2.6,0.005,1,500.0,False,0,0.0,,0.0,1.2265461964523048e-09
2,4,symmetric,1,0.6,0.001,1,100.0,False,0,0.0,,0.0,1.0663755515405712e-09
2,4,symmetric,1,0.8,0.001,1,100.0,False,0,0.0,,0.0,1.8957787582943413e-09
2,4,symmetric,1,1.0,0.001,1,100.0,False,0,0.0,,0.0,2.9621543098349623e-09
2,4,symmetric,1,1.2,0.001,1,100.0,False,0,0.0,,0.0,4.265502206162285e-09
2,4,symmetric,1,1.4,0.001,1,100.0,False,0,0.0,,0.0,5.805822447276419e-09
2,4,symmetric,1,1.6,0.001,1,100.0,False,0,0.0,,0.0,7.583115033177365e-09
2,4,symmetric,1,1.8,0.001,1,100.0,False,0,0.0,,0.0,9.597379963865092e-09
2,4,symmetric,1,2.0,0.001,1,100.0,False,0,0.0,,0.0,1.1848617239339849e-08
2,4,symmetric,1,2.2,0.001,1,100.0,False,0,0.0,,0.0,1.4336826859600766e-08
2,4,symmetric,1,2.4,0.001,1,100.0,False,0,0.0,,0.0,1.706200882464914e-08
2,4,symmetric,1,2.6,0.001,1,100.0,False,0,0.0,,0.0,2.0024163134484368e-08
2,4,symmetric,1,0.6,0.005,1,100.0,False,0,0.0,,0.0,6.531902821343606e-11
2,4,symmetric,1,0.8,0.005,1,100.0,False,0,0.0,,0.0,1.16122716823887e-10
2,4,symmetric,1,1.0,0.005,1,100.0,False,0,0.0,,0.0,1.8144174503732421e-10
2,4,symmetric,1,1.2,0.005,1,100.0,False,0,0.0,,0.0,2.6127611285374426e-10
2,4,symmetric,1,1.4,0.005,1,100.0,False,0,0.0,,0.0,3.5562582027315115e-10
2,4,symmetric,1,1.6,0.005,1,100.0,False,0,0.0,,0.0,4.64490867295548e-10
2,4,symmetric,1,1.8,0.005,1,100.0,False,0,0.0,,0.0,5.878712539209255e-10
2,4,symmetric,1,2.0,0.005,1,100.0,False,0,0.0,,0.0,7.257669801492969e-10
2,4,symmetric,1,2.2,0.005,1,100.0,False,0,0.0,,0.0,8.781780459806444e-10
2,4,symmetric,1,2.4,0.005,1,100.0,False,0,0.0,,0.0,1.045104451414977e-09
2,4,symmetric,1,2.6,0.005,1,100.0,False,0,0.0,,0.0,1.2265461964523048e-09
2,4,symmetric,1,0.6,0.001,1,200.0,False,0,0.0,,0.0,1.0663755515405712e-09
2,4,symmetric,1,0.8,0.001,1,200.0,False,0,0.0,,0.0,1.8957787582943413e-09
2,4,symmetric,1,1.0,0.001,1,200.0,False,0,0.0,,0.0,2.9621543098349623e-09
2,4,symmetric,1,1.2,0.001,1,200.0,False,0,0.0,,0.0,4.265502206162285e-09
2,4,symmetric,1,1.4,0.001,1,200.0,False,0,0.0,,0.0,5.805822447276419e-09
2,4,symmetric,1,1.6,0.001,1,200.0,False,0,0.0,,0.0,7.583115033177365e-09
2,4,symmetric,1,1.8,0.001,1,200.0,False,0,0.0,,0.0,9.597379963865092e-09
2,4,symmetric,1,2.0,0.001,1,200.0,False,0,0.0,,0.0,1.1848617239339849e-08
2,4,symmetric,1,2.2,0.001,1,200.0,False,0,0.0,,0.0,1.4336826859600766e-08
2,4,symmetric,1,2.4,0.001,1,200.0,False,0,0.0,,0.0,1.706200882464914e-08
2,4,symmetric,1,2.6,0.001,1,200.0,False,0,0.0,,0.0,2.0024163134484368e-08
2,4,symmetric,1,0.6,0.005,1,200.0,False,0,0.0,,0.0,6.531902821343606e-11
2,4,symmetric,1,0.8,0.005,1,200.0,False,0,0.0,,0.0,1.16122716823887e-10
2,4,symmetric,1,1.0,0.005,1,200.0,False,0,0.0,,0.0,1.8144174503732421e-10
2,4,symmetric,1,1.2,0.005,1,200.0,False,0,0.0,,0.0,2.6127611285374426e-10
2,4,symmetric,1,1.4,0.005,1,200.0,False,0,0.0,,0.0,3.5562582027315115e-10
2,4,symmetric,1,1.6,0.005,1,200.0,False,0,0.0,,0.0,4.64490867295548e-10
2,4,symmetric,1,1.8,0.005,1,200.0,False,0,0.0,,0.0,5.878712539209255e-10
2,4,symmetric,1,2.0,0.005,1,200.0,False,0,0.0,,0.0,7.257669801492969e-10
2,4,symmetric,1,2.2,0.005,1,200.0,False,0,0.0,,0.0,8.781780459806444e-10
2,4,symmetric,1,2.4,0.005,1,200.0,False,0,0.0,,0.0,1.045104451414977e-09
2,4,symmetric,1,2.6,0.005,1,200.0,False,0,0.0,,0.0,1.2265461964523048e-09
2,4,symmetric,1,0.6,0.001,1,500.0,False,0,0.0,,0.0,1.0663755515405712e-09
2,4,symmetric,1,0.8,0.001,1,500.0,False,0,0.0,,0.0,1.8957787582943413e-09
2,4,symmetric,1,1.0,0.001,1,500.0,False,0,0.0,,0.0,2.9621543098349623e-09
2,4,symmetric,1,1.2,0.001,1,500.0,False,0,0.0,,0.0,4.265502206162285e-09
2,4,symmetric,1,1.4,0.001,1,500.0,False,0,0.0,,0.0,5.805822447276419e-09
2,4,symmetric,1,1.6,0.001,1,500.0,False,0,0.0,,0.0,7.583115033177365e-09
2,4,symmetric,1,1.8,0.001,1,500.0,False,0,0.0,,0.0,9.597379963865092e-09
2,4,symmetric,1,2.0,0.001,1,500.0,False,0,0.0,,0.0,1.1848617239339849e-08
2,4,symmetric,1,2.2,0.001,1,500.0,False,0,0.0,,0.0,1.4336826859600766e-08
2,4,symmetric,1,2.4,0.001,1,500.0,False,0,0.0,,0.0,1.706200882464914e-08
2,4,symmetric,1,2.6,0.001,1,500.0,False,0,0.0,,0.0,2.0024163134484368e-08
2,4,symmetric,1,0.6,0.005,1,500.0,False,0,0.0,,0.0,6.531902821343606e-11
2,4,symmetric,1,0.8,0.005,1,500.0,False,0,0.0,,0.0,1.16122716823887e-10
2,4,symmetric,1,1.0,0.005,1,500.0,False,0,0.0,,0.0,1.8144174503732421e-10
2,4,symmetric,1,1.2,0.005,1,500.0,False,0,0.0,,0.0,2.6127611285374426e-10
2,4,symmetric,1,1.4,0.005,1,500.0,False,0,0.0,,0.0,3.5562582027315115e-10
2,4,symmetric,1,1.6,0.005,1,500.0,False,0,0.0,,0.0,4.64490867295548e-10
2,4,symmetric,1,1.8,0.005,1,500.0,False,0,0.0,,0.0,5.878712539209255e-10
2,4,symmetric,1,2.0,0.005,1,500.0,False,0,0.0,,0.0,7.257669801492969e-10
2,4,symmetric,1,2.2,0.005,1,500.0,False,0,0.0,,0.0,8.781780459806444e-10
2,4,symmetric,1,2.4,0.005,1,500.0,False,0,0.0,,0.0,1.045104451414977e-09
2,4,symmetric,1,2.6,0.005,1,500.0,False,0,0.0,,0.0,1.2265461964523048e-09
2,4,clustered,0,0.6,0.001,1,100.0,False,0,0.0,,0.0,1.0369300890184311e-09
2,4,clustered,0,0.8,0.001,1,100.0,False,0,0.0,,0.0,1.843431269366082e-09
2,4,clustered,0,1.0,0.001,1,100.0,False,0,0.0,,0.0,2.8803613583845572e-09
2,4,clustered,0,1.2,0.001,1,100.0,False,0,0.0,,0.0,4.1477203560737245e-09
2,4,clustered,0,1.4,0.001,1,100.0,False,0,0.0,,0.0,5.645508262433783e-09
2,4,clustered,0,1.6,0.001,1,100.0,False,0,0.0,,0.0,7.373725077464328e-09
2,4,clustered,0,1.8,0.001,1,100.0,False,0,0.0,,0.0,9.332370801166025e-09
2,4,clustered,0,2.0,0.001,1,100.0,False,0,0.0,,0.0,1.1521445433538229e-08
2,4,clustered,0,2.2,0.001,1,100.0,False,0,0.0,,0.0,1.3940948974581124e-08
2,4,clustered,0,2.4,0.001,1,100.0,False,0,0.0,,0.0,1.6590881424294898e-08
2,4,clustered,0,2.6,0.001,1,100.0,False,0,0.0,,0.0,1.9471242782679646e-08
2,4,clustered,0,0.6,0.005,1,100.0,False,0,0.0,,0.0,5.523522277234637e-11
2,4,clustered,0,0.8,0.005,1,100.0,False,0,0.0,,0.0,9.819595159528312e-11
2,4,clustered,0,1.0,0.005,1,100.0,False,0,0.0,,0.0,1.5343117436762864e-10
2,4,clustered,0,1.2,0.005,1,100.0,False,0,0.0,,0.0,2.209408910893855e-10
2,4,clustered,0,1.4,0.005,1,100.0,False,0,0.0,,0.0,3.0072510176055125e-10
2,4,clustered,0,1.6,0.005,1,100.0,False,0,0.0,,0.0,3.9278380638113246e-10
2,4,clustered,0,1.8,0.005,1,100.0,False,0,0.0,,0.0,4.971170049511148e-10
2,4,clustered,0,2.0,0.005,1,100.0,False,0,0.0,,0.0,6.137246974705145e-10
2,4,clustered,0,2.2,0.005,1,100.0,False,0,0.0,,0.0,7.426068839393263e-10
2,4,clustered,0,2.4,0.005,1,100.0,False,0,0.0,,0.0,8.83763564357542e-10
2,4,clustered,0,2.6,0.005,1,100.0,False,0,0.0,,0.0,1.037194738725173e-09
2,4,clustered,0,0.6,0.001,1,200.0,False,0,0.0,,0.0,1.0369300890184311e-09
2,4,clustered,0,0.8,0.001,1,200.0,False,0,0.0,,0.0,1.843431269366082e-09
2,4,clustered,0,1.0,0.001,1,200.0,False,0,0.0,,0.0,2.8803613583845572e-09
2,4,clustered,0,1.2,0.001,1,200.0,False,0,0.0,,0.0,4.1477203560737245e-09
2,4,clustered,0,1.4,0.001,1,200.0,False,0,0.0,,0.0,5.645508262433783e-09
2,4,clustered,0,1.6,0.001,1,200.0,False,0,0.0,,0.0,7.373725077464328e-09
2,4,clustered,0,1.8,0.001,1,200.0,False,0,0.0,,0.0,9.332370801166025e-09
2,4,clustered,0,2.0,0.001,1,200.0,False,0,0.0,,0.0,1.1521445433538229e-08
2,4,clustered,0,2.2,0.001,1,200.0,False,0,0.0,,0.0,1.3940948974581124e-08
2,4,clustered,0,2.4,0.001,1,200.0,False,0,0.0,,0.0,1.6590881424294898e-08
2,4,clustered,0,2.6,0.001,1,200.0,False,0,0.0,,0.0,1.9471242782679646e-08
2,4,clustered,0,0.6,0.005,1,200.0,False,0,0.0,,0.0,5.523522277234637e-11
2,4,clustered,0,0.8,0.005,1,200.0,False,0,0.0,,0.0,9.819595159528312e-11
2,4,clustered,0,1.0,0.005,1,200.0,False,0,0.0,,0.0,1.5343117436762864e-10
2,4,clustered,0,1.2,0.005,1,200.0,False,0,0.0,,0.0,2.209408910893855e-10
2,4,clustered,0,1.4,0.005,1,200.0,False,0,0.0,,0.0,3.0072510176055125e-10
2,4,clustered,0,1.6,0.005,1,200.0,False,0,0.0,,0.0,3.9278380638113246e-10
2,4,clustered,0,1.8,0.005,1,200.0,False,0,0.0,,0.0,4.971170049511148e-10
2,4,clustered,0,2.0,0.005,1,200.0,False,0,0.0,,0.0,6.137246974705145e-10
2,4,clustered,0,2.2,0.005,1,200.0,False,0,0.0,,0.0,7.426068839393263e-10
2,4,clustered,0,2.4,0.005,1,200.0,False,0,0.0,,0.0,8.83763564357542e-10
2,4,clustered,0,2.6,0.005,1,200.0,False,0,0.0,,0.0,1.037194738725173e-09
2,4,clustered,0,0.6,0.001,1,500.0,False,0,0.0,,0.0,1.0369300890184311e-09
2,4,clustered,0,0.8,0.001,1,500.0,False,0,0.0,,0.0,1.843431269366082e-09
2,4,clustered,0,1.0,0.001,1,500.0,False,0,0.0,,0.0,2.8803613583845572e-09
2,4,clustered,0,1.2,0.001,1,500.0,False,0,0.0,,0.0,4.1477203560737245e-09
2,4,clustered,0,1.4,0.001,1,500.0,False,0,0.0,,0.0,5.645508262433783e-09
2,4,clustered,0,1.6,0.001,1,500.0,False,0,0.0,,0.0,7.373725077464328e-09
2,4,clustered,0,1.8,0.001,1,500.0,False,0,0.0,,0.0,9.332370801166025e-09
2,4,clustered,0,2.0,0.001,1,500.0,False,0,0.0,,0.0,1.1521445433538229e-08
2,4,clustered,0,2.2,0.001,1,500.0,False,0,0.0,,0.0,1.3940948974581124e-08
2,4,clustered,0,2.4,0.001,1,500.0,False,0,0.0,,0.0,1.6590881424294898e-08
2,4,clustered,0,2.6,0.001,1,500.0,False,0,0.0,,0.0,1.9471242782679646e-08
2,4,clustered,0,0.6,0.005,1,500.0,False,0,0.0,,0.0,5.523522277234637e-11
2,4,clustered,0,0.8,0.005,1,500.0,False,0,0.0,,0.0,9.819595159528312e-11
2,4,clustered,0,1.0,0.005,1,500.0,False,0,0.0,,0.0,1.5343117436762864e-10
2,4,clustered,0,1.2,0.005,1,500.0,False,0,0.0,,0.0,2.209408910893855e-10
2,4,clustered,0,1.4,0.005,1,500.0,False,0,0.0,,0.0,3.0072510176055125e-10
2,4,clustered,0,1.6,0.005,1,500.0,False,0,0.0,,0.0,3.9278380638113246e-10
2,4,clustered,0,1.8,0.005,1,500.0,False,0,0.0,,0.0,4.971170049511148e-10
2,4,clustered,0,2.0,0.005,1,500.0,False,0,0.0,,0.0,6.137246974705145e-10
2,4,clustered,0,2.2,0.005,1,500.0,False,0,0.0,,0.0,7.426068839393263e-10
2,4,clustered,0,2.4,0.005,1,500.0,False,0,0.0,,0.0,8.83763564357542e-10
2,4,clustered,0,2.6,0.005,1,500.0,False,0,0.0,,0.0,1.037194738725173e-09
2,4,clustered,1,0.6,0.001,1,100.0,False,0,0.0,,0.0,1.0369300890184311e-09
2,4,clustered,1,0.8,0.001,1,100.0,False,0,0.0,,0.0,1.843431269366082e-09
2,4,clustered,1,1.0,0.001,1,100.0,False,0,0.0,,0.0,2.8803613583845572e-09
2,4,clustered,1,1.2,0.001,1,100.0,False,0,0.0,,0.0,4.1477203560737245e-09
2,4,clustered,1,1.4,0.001,1,100.0,False,0,0.0,,0.0,5.645508262433783e-09
2,4,clustered,1,1.6,0.001,1,100.0,False,0,0.0,,0.0,7.373725077464328e-09
2,4,clustered,1,1.8,0.001,1,100.0,False,0,0.0,,0.0,9.332370801166025e-09
2,4,clustered,1,2.0,0.001,1,100.0,False,0,0.0,,0.0,1.1521445433538229e-08
2,4,clustered,1,2.2,0.001,1,100.0,False,0,0.0,,0.0,1.3940948974581124e-08
2,4,clustered,1,2.4,0.001,1,100.0,False,0,0.0,,0.0,1.6590881424294898e-08
2,4,clustered,1,2.6,0.001,1,100.0,False,0,0.0,,0.0,1.9471242782679646e-08
2,4,clustered,1,0.6,0.005,1,100.0,False,0,0.0,,0.0,5.523522277234637e-11
2,4,clustered,1,0.8,0.005,1,100.0,False,0,0.0,,0.0,9.819595159528312e-11
2,4,clustered,1,1.0,0.005,1,100.0,False,0,0.0,,0.0,1.5343117436762864e-10
2,4,clustered,1,1.2,0.005,1,100.0,False,0,0.0,,0.0,2.209408910893855e-10
2,4,clustered,1,1.4,0.005,1,100.0,False,0,0.0,,0.0,3.0072510176055125e-10
2,4,clustered,1,1.6,0.005,1,100.0,False,0,0.0,,0.0,3.9278380638113246e-10
2,4,clustered,1,1.8,0.005,1,100.0,False,0,0.0,,0.0,4.971170049511148e-10
2,4,clustered,1,2.0,0.005,1,100.0,False,0,0.0,,0.0,6.137246974705145e-10
2,4,clustered,1,2.2,0.005,1,100.0,False,0,0.0,,0.0,7.426068839393263e-10
2,4,clustered,1,2.4,0.005,1,100.0,False,0,0.0,,0.0,8.83763564357542e-10
2,4,clustered,1,2.6,0.005,1,100.0,False,0,0.0,,0.0,1.037194738725173e-09
2,4,clustered,1,0.6,0.001,1,200.0,False,0,0.0,,0.0,1.0369300890184311e-09
2,4,clustered,1,0.8,0.001,1,200.0,False,0,0.0,,0.0,1.843431269366082e-09
2,4,clustered,1,1.0,0.001,1,200.0,False,0,0.0,,0.0,2.8803613583845572e-09
2,4,clustered,1,1.2,0.001,1,200.0,False,0,0.0,,0.0,4.1477203560737245e-09
2,4,clustered,1,1.4,0.001,1,200.0,False,0,0.0,,0.0,5.645508262433783e-09
2,4,clustered,1,1.6,0.001,1,200.0,False,0,0.0,,0.0,7.373725077464328e-09
2,4,clustered,1,1.8,0.001,1,200.0,False,0,0.0,,0.0,9.332370801166025e-09
2,4,clustered,1,2.0,0.001,1,200.0,False,0,0.0,,0.0,1.1521445433538229e-08
2,4,clustered,1,2.2,0.001,1,200.0,False,0,0.0,,0.0,1.3940948974581124e-08
2,4,clustered,1,2.4,0.001,1,200.0,False,0,0.0,,0.0,1.6590881424294898e-08
2,4,clustered,1,2.6,0.001,1,200.0,False,0,0.0,,0.0,1.9471242782679646e-08
2,4,clustered,1,0.6,0.005,1,200.0,False,0,0.0,,0.0,5.523522277234637e-11
2,4,clustered,1,0.8,0.005,1,200.0,False,0,0.0,,0.0,9.819595159528312e-11
2,4,clustered,1,1.0,0.005,1,200.0,False,0,0.0,,0.0,1.5343117436762864e-10
2,4,clustered,1,1.2,0.005,1,200.0,False,0,0.0,,0.0,2.209408910893855e-10
2,4,clustered,1,1.4,0.005,1,200.0,False,0,0.0,,0.0,3.0072510176055125e-10
2,4,clustered,1,1.6,0.005,1,200.0,False,0,0.0,,0.0,3.9278380638113246e-10
2,4,clustered,1,1.8,0.005,1,200.0,False,0,0.0,,0.0,4.971170049511148e-10
2,4,clustered,1,2.0,0.005,1,200.0,False,0,0.0,,0.0,6.137246974705145e-10
2,4,clustered,1,2.2,0.005,1,200.0,False,0,0.0,,0.0,7.426068839393263e-10
2,4,clustered,1,2.4,0.005,1,200.0,False,0,0.0,,0.0,8.83763564357542e-10
2,4,clustered,1,2.6,0.005,1,200.0,False,0,0.0,,0.0,1.037194738725173e-09
2,4,clustered,1,0.6,0.001,1,500.0,False,0,0.0,,0.0,1.0369300890184311e-09
2,4,clustered,1,0.8,0.001,1,500.0,False,0,0.0,,0.0,1.843431269366082e-09
2,4,clustered,1,1.0,0.001,1,500.0,False,0,0.0,,0.0,2.8803613583845572e-09
2,4,clustered,1,1.2,0.001,1,500.0,False,0,0.0,,0.0,4.1477203560737245e-09
2,4,clustered,1,1.4,0.001,1,500.0,False,0,0.0,,0.0,5.645508262433783e-09
2,4,clustered,1,1.6,0.001,1,500.0,False,0,0.0,,0.0,7.373725077464328e-09
2,4,clustered,1,1.8,0.001,1,500.0,False,0,0.0,,0.0,9.332370801166025e-09
2,4,clustered,1,2.0,0.001,1,500.0,False,0,0.0,,0.0,1.1521445433538229e-08
2,4,clustered,1,2.2,0.001,1,500.0,False,0,0.0,,0.0,1.3940948974581124e-08
2,4,clustered,1,2.4,0.001,1,500.0,False,0,0.0,,0.0,1.6590881424294898e-08
2,4,clustered,1,2.6,0.001,1,500.0,False,0,0.0,,0.0,1.9471242782679646e-08
2,4,clustered,1,0.6,0.005,1,500.0,False,0,0.0,,0.0,5.523522277234637e-11
2,4,clustered,1,0.8,0.005,1,500.0,False,0,0.0,,0.0,9.819595159528312e-11
2,4,clustered,1,1.0,0.005,1,500.0,False,0,0.0,,0.0,1.5343117436762864e-10
2,4,clustered,1,1.2,0.005,1,500.0,False,0,0.0,,0.0,2.209408910893855e-10
2,4,clustered,1,1.4,0.005,1,500.0,False,0,0.0,,0.0,3.0072510176055125e-10
2,4,clustered,1,1.6,0.005,1,500.0,False,0,0.0,,0.0,3.9278380638113246e-10
2,4,clustered,1,1.8,0.005,1,500.0,False,0,0.0,,0.0,4.971170049511148e-10
2,4,clustered,1,2.0,0.005,1,500.0,False,0,0.0,,0.0,6.137246974705145e-10
2,4,clustered,1,2.2,0.005,1,500.0,False,0,0.0,,0.0,7.426068839393263e-10
2,4,clustered,1,2.4,0.005,1,500.0,False,0,0.0,,0.0,8.83763564357542e-10
2,4,clustered,1,2.6,0.005,1,500.0,False,0,0.0,,0.0,1.037194738725173e-09
