tick,alpha,G,h,Lambda,alpha_drift,G_drift,h_drift,Lambda_drift
10,0.8681969188935132,0.8675783855903936,14,0.0,0.015885821352323415,0.022625105606405696,23.29,0.00022500000000000002
20,0.8519535804752523,0.8906101802086627,0,0.0,0.008773364216215383,0.013885899644426566,31.4475,0.0002145549886621315
30,0.8474028207774339,0.9275741710296684,0,0.0,0.006015546917728367,0.010115554929011587,25.2,0.00020504514324860647
40,0.800655898324242,0.9139430284857571,0,0.0,0.0048586198170912425,0.007953696468876408,20.5875,0.00019635021779064232
50,0.7886393472368706,0.8935121817684095,0,0.0,0.004156643256345325,0.006490884171206871,17.279999999999998,0.00018836971629981598
60,0.78643677822006,0.8920252123869553,0,0.0,0.0035655352714361785,0.005630077489388929,14.85,0.00015986830209147648
70,0.90448236611058,0.9413522599925289,0,0.0,0.0037103337809514486,0.00512453631526064,13.00408163265306,0.00013880152741001852
80,0.9144294993082178,0.9110364343827378,15,0.0,0.00425575250714245,0.004631127117072119,34.209999999999994,0.00012261391892013536
90,0.8979979064921857,0.896789406856521,19,0.0,0.004736456694290974,0.004286254785394615,54.8258024691358,0.00010979391084798044
100,0.9175430275292976,0.9175381450368593,20,0.0,0.005041405339235591,0.004026921039026363,68.0196,9.93932274648417e-05
110,0.7893975210221388,0.8823857302118172,0,0.037037037037037035,0.004675800793982312,0.0037289317935266016,64.79140495867767,0.00012579253291608068
120,0.8631114182029513,0.92109375,0,0.034482758620689655,0.004333344715532071,0.0035469714858613597,61.64972222222221,0.00013290045789143072
130,0.8775498129214819,0.9379274611398963,0,0.0,0.004041621837630246,0.003352461715172276,58.67076923076923,0.00013037060808964552
140,0.8910325415221405,0.9171852122986823,0,0.0,0.0038260187095465127,0.00319875405014771,55.8834693877551,0.00012775093555268568
150,0.8937179232006818,0.9221922105079725,0,0.0,0.003799767229985546,0.0030905918953201563,53.29315555555556,0.00011996412893251778
160,0.8950677278881927,0.9240176945094978,0,0.0,0.0037417234888243002,0.002975897585808033,50.893593749999994,0.00011306513535666642
170,0.9004709801692561,0.929461293925595,0,0.0,0.0037090465054567087,0.002888764643861196,48.67321799307958,0.00010691148890241075
180,0.9124898828495417,0.9408418657565415,0,0.0,0.003638890412547356,0.00278939205080904,46.61839506172839,0.00010585963533288205
190,0.9105694316132645,0.9384922156607102,0,0.0,0.003565770163262504,0.0026950933081997404,44.715124653739615,0.00010068953944416588
200,0.9013563723856964,0.9289506558401,0,0.0,0.0035070394663643456,0.0026159714105997833,42.9499,9.599831407708496e-05
210,0.9253595627789176,0.9541223404255319,0,0.0,0.0034424773329759665,0.00254014916611181,41.310113378684804,9.172273814585962e-05
220,0.8970805332752219,0.9239371827411168,0,0.0,0.0033641363779426613,0.0024584622210739536,39.78421487603306,8.781018473928553e-05
230,0.8821507521464991,0.9367661729721434,0,0.0,0.0032353734101259525,0.002378872756885145,38.36173913043478,8.760648231099986e-05
240,0.9038846901243028,0.9601663383672576,0,0.0,0.0031293383061123206,0.0023403025747700296,37.03326388888889,8.417718471972859e-05
250,0.8795795043724115,0.9340381521489313,0,0.0,0.003013076126326232,0.002266864826543679,35.790336,8.100526024737343e-05
260,0.9258455151833415,0.9534993270524899,0,0.0,0.002958201878774056,0.0022039582356173735,34.62538461538461,7.806289483824429e-05
270,0.8963424040654915,0.9487179487179487,0,0.0,0.002870860827005675,0.002165946123169381,33.53163237311385,8.064664109682871e-05
280,0.8825539103241022,0.95804894289995,0,0.0,0.002772001992812467,0.0021117979835455552,32.503010204081626,8.242462731512293e-05
290,0.8728374395021978,0.9452291274325173,0,0.0,0.002683639719038784,0.002060570280649447,31.534078478002378,8.17345263934701e-05
300,0.8596197357412894,0.9308447513216097,0,0.0,0.00259760714924677,0.0020284450349801917,30.61995555555556,7.918729154078576e-05
310,0.8772583547356989,0.9482132619912096,0,0.0,0.0025187843590651496,0.0020079950398176147,29.75625390218522,7.8544375706168e-05
320,0.8658856617805106,0.9340469926517282,0,0.0,0.0024442893891270757,0.001976336587200528,28.939023437500005,7.784918483605693e-05
330,0.8997187112604143,0.9455815663684275,0,0.0,0.0023774893507884113,0.001946945064030823,28.164701561065197,7.564337665887376e-05
340,0.9340259472404757,0.9572847682119205,0,0.0,0.0023916503437291666,0.0019220225594941435,27.43006920415225,7.355857187794527e-05
350,0.9273041837726954,0.9503607072104063,0,0.0,0.002428494843968315,0.0019080402860863384,26.73221224489796,7.158512734718035e-05
360,0.9481643998417011,0.9716464396949844,0,0.0,0.002454164259873762,0.0018899686118662455,26.068487654320986,6.971439267722773e-05
370,0.9219928672752805,0.9448622501039265,0,0.0,0.0024852906203100427,0.0018787024530258934,25.436493791088385,6.793858642737645e-05
380,0.9290450741103916,0.9521719726271943,0,0.0,0.002493290955754368,0.0018553905388901694,24.83404432132964,6.625069025517283e-05
390,0.9112572362461793,0.9567029319564817,0,0.0,0.00246398783717684,0.0018391826143428554,24.259145299145295,6.593141218545126e-05
400,0.9033522454995968,0.9483056578255316,0,0.0,0.002433828148891704,0.0018266425961567185,23.709974999999996,6.437452390201539e-05
410,0.9350743447382103,0.9577320642718248,0,0.0,0.0024202522794725292,0.0018074016784831947,23.184866151100536,6.288923173847583e-05
420,0.9258073632180883,0.9476241375959576,0,0.0,0.002427468012350891,0.0017872429027959377,22.682290249433105,6.261339359184091e-05
430,0.9577186123548485,0.9575616373717117,36,0.0,0.0024565664719297547,0.0017670359891934005,31.41363439697134,6.12354115454647e-05
440,0.9650350553162744,0.964935705785028,36,0.0,0.002537341343881336,0.001755088238510826,58.4090444214876,5.9916593801198926e-05
450,0.9715118866486022,0.9713354526754469,35,0.0,0.0026103151312673618,0.0017429350006437619,80.03346172839507,5.967347548022078e-05
460,0.971569862827662,0.9714918128966878,40,0.0,0.002667162621814563,0.00172728614912159,104.10499054820414,5.8443818897574624e-05
470,0.9645358958704183,0.964451062677677,37,0.0,0.0027211294770943433,0.0017135032784136174,125.3882344952467,5.72636730317287e-05
480,0.9608624457484057,0.9607045330420535,37,0.0,0.0027799857221365866,0.0017042606118895275,144.82359375000001,5.613011574084613e-05
490,0.970286390728893,0.9701464563977616,37,0.0,0.0028317431400745412,0.0016944429584375366,162.81019991670135,5.5040449648783974e-05
500,0.9640786047523964,0.9640361804690462,38,0.0,0.0028730306498335363,0.0016820274052037588,179.037616,5.399218101862044e-05
510,0.9691000393860351,0.9689627553063677,39,0.0,0.0029027807150582736,0.0016661412997819823,192.9934794309881,5.3853615744932195e-05
520,0.9705476748414922,0.9705046374788072,41,0.0,0.0029347891650070975,0.0016538171900912146,208.511150147929,5.2867322627570805e-05
530,0.9831566345463112,0.983100714876234,41,0.0,0.0029673557567754054,0.0016436142237965614,222.73949448202205,5.191642086768751e-05
540,0.971041690858988,0.9709599421691553,39,0.0,0.00299300553169992,0.001631514019111006,235.24545953360766,5.099904391279733e-05
550,0.9672218272749663,0.9670755001507992,39,0.0,0.003016748376080076,0.0016202031418487922,246.87900826446278,5.011345384532225e-05
560,0.9763576035582484,0.976222775818267,39,0.0,0.00303886733409185,0.0016099367901426637,258.49014987244897,4.9258030521199813e-05
570,0.9695135369424501,0.9693980128579778,40,0.0,0.0030461017277600374,0.001593501354077727,267.1055370883348,4.91832519361833e-05
580,0.9813710869466371,0.9813479021725212,42,0.0,0.0030622255815890703,0.001583168655935898,276.52524078478,4.9076604483194554e-05
590,0.9707562904714446,0.9706633488311178,42,0.0,0.003081066549693492,0.0015749203660794834,287.2475840275783,4.828219621060175e-05
600,0.9781686919115041,0.9781128220649994,43,0.0,0.003085870204229918,0.0015616910494324996,293.97638888888883,4.8782700409517265e-05
610,0.9711666344345004,0.9710894590324279,8,0.02040816326530612,0.003098144622201085,0.0015523754752073168,303.23591507659233,4.860188230841665e-05
620,0.957361353702471,0.9764504388781845,0,0.0,0.003095169495098141,0.0015479098912780085,305.0233376690947,4.8402176578562605e-05
630,0.9548947553119306,0.9731835564053537,0,0.0,0.003075549164072644,0.001540724698102896,302.539433106576,4.867795067039606e-05
640,0.9562620636895605,0.9745830023828436,0,0.0,0.0030603821222428005,0.00153521912153364,300.06062255859376,4.795536234898018e-05
650,0.9592739046642341,0.9776462230641724,0,0.0,0.0030464887047420425,0.001530628483391854,297.5899668639053,4.725385613066121e-05
660,0.9652276663136055,0.9827327524940117,0,0.0,0.0030369618570971276,0.0015284303303446734,295.13014462809923,4.787264355407632e-05
670,0.9586170308368008,0.9760087532023911,0,0.0,0.003026724906531614,0.001525694049439288,292.6834952105146,4.719504668162833e-05
680,0.9610235222247951,0.9784737889847379,0,0.0,0.0030165658172089218,0.001523006343706905,290.25205666089965,4.653630920979729e-05
690,0.9595304258302995,0.9765760080772385,0,0.0,0.003005905263501259,0.0015198849508132855,287.83759924385635,4.627867326874273e-05
700,0.9585444267528919,0.9756057484485003,0,0.0,0.002995190842504328,0.0015165826907849768,285.4416551020408,4.565101641221619e-05
710,0.9567476694427257,0.9738106405364636,0,0.0,0.0029836976015081675,0.0015127081435079629,283.06554453481453,4.504011057473408e-05
720,0.9713189038230181,0.9883213552361396,0,0.0,0.002975153674525482,0.001510909670190082,280.7103993055556,4.48001860563446e-05
730,0.9653139429038643,0.9819690998500331,0,0.017241379310344827,0.00296443938427108,0.0015073794604005713,278.3771833364609,4.4553644262343634e-05
740,0.9848151370698973,0.984796743669715,55,0.0,0.0029770192578344452,0.0015043385163750745,295.9000803506209,4.3981755383235134e-05
750,0.9791385287032389,0.9791084511192627,55,0.0,0.002993270933063339,0.00150262485473749,314.7081973333333,4.374064307379869e-05
760,0.9901874167842886,0.9901754253379559,57,0.0,0.003006627223054495,0.0015012937373986156,331.4200831024931,4.349447348375358e-05
770,0.9888000710079725,0.98878652322117,58,0.0,0.003021405308726044,0.001499916559113074,347.343093270366,4.351893964492169e-05
780,0.9852204972822166,0.985202034179755,58,0.0,0.0030378538042506588,0.0015001911758184378,369.7312031558185,4.2989958839338695e-05
790,0.9897067740491681,0.9897002622063032,59,0.0,0.0030529807427232833,0.0015002262912974006,390.6416984457619,4.2473646210916935e-05
800,0.9871992322594255,0.9871837937004212,59,0.0,0.00306514956058303,0.0014990602371603,410.61984375,4.196955350408258e-05
810,0.9862025621593314,0.9861782999308915,58,0.0,0.003075584964956332,0.0014973429735910143,426.8606934918457,4.173156903913737e-05
820,0.9870864742519845,0.9870757962672535,59,0.0,0.003087669084792043,0.001497096074426936,445.98253420582995,4.124823559679754e-05
830,0.9845785909125636,0.9845676465248321,60,0.0,0.0030979274291479037,0.0014962782528284235,463.97573523007696,4.0775939590644955e-05
840,0.9891924739754614,0.9891727454123188,60,0.0,0.003106921758569359,0.0014950844232733175,481.08491921768706,4.031430832299313e-05
850,0.9909594964645202,0.9909452674449333,61,0.0,0.0031145155756131812,0.001493428479661615,495.75709342560555,4.0098811165166125e-05
860,0.9728144398032917,0.9873230690164672,0,0.0,0.0031095718110614565,0.001489894069179805,500.5771376419686,4.0306649230536393e-05
870,0.9706692285349509,0.9851356293157226,0,0.0,0.0030975869837490274,0.001487624180403313,497.99878583696653,3.9867037338505134e-05
880,0.975002732548392,0.9895478800883918,0,0.0,0.0030845859233293357,0.0014844687580241273,495.40768465909093,3.9436884493962244e-05
890,0.9719015293819612,0.9863986441550641,0,0.0,0.0030731703390044105,0.0014825302560261984,492.8066418381518,3.901588958810022e-05
900,0.970277561348365,0.9847349610300133,0,0.0,0.0030619051961199915,0.0014806350284538737,490.1982358024692,3.860376411523951e-05
910,0.9738652972835322,0.9881749507857255,0,0.0,0.003050521933466421,0.0014784531327753634,487.58483395725153,3.839352342334363e-05
920,0.9739401143420178,0.988048302063851,0,0.0,0.0030387367278328914,0.0014756843898715772,484.9686094045369,3.81817270905933e-05
930,0.9736622607143745,0.9875627481831123,0,0.0,0.0030266209796379192,0.001472487423703735,482.35155624927734,3.796869299214646e-05
940,0.9769340664226489,0.990883212086256,0,0.0,0.0030154825510571625,0.0014699469323506504,479.7355036215482,3.7584867818783886e-05
950,0.9765369305291897,0.9904783777241213,0,0.0,0.003005516907966692,0.0014682937462403183,477.122128531856,3.7208704532351696e-05
960,0.9773193429455543,0.9912749265680965,0,0.0,0.002994004924450876,0.0014653487336097027,474.51296766493056,3.683997664520113e-05
970,0.9782537419039885,0.9922178988326849,0,0.0,0.00298263395683176,0.0014624472346339674,471.90942820703583,3.6478466481015333e-05
980,0.9752853126377781,0.9892097746747064,0,0.0,0.0029707270367699845,0.0014590884305829223,469.31279779258637,3.612396475193387e-05
990,0.9798270820530048,0.9936196232033037,0,0.0,0.002958926614023819,0.0014556573097735165,466.724253647587,3.593950994500755e-05
1000,0.9769964756070036,0.9907489929057788,0,0.0,0.002947685443870506,0.0014525642124016203,464.14487099999997,3.55971640662581e-05
1010,0.97892572920725,0.9927094552211426,0,0.0,0.002936509190178056,0.001449481495649898,461.5756308205078,3.5261263048146545e-05
1020,0.9769915564971099,0.9905565269890814,0,0.0,0.002925010186252063,0.0014459570061507185,459.0174269511727,3.508587349539413e-05
1030,0.9785665797450244,0.992153478416388,0,0.0,0.002913653757262247,0.0014424871802772251,456.47107267414464,3.476116709031004e-05
1040,0.98233524400089,0.995789803650278,0,0.0,0.0029038918713283767,0.0014401305287460818,453.93730676775147,3.4589402669499514e-05
1050,0.9789991293737557,0.9924031345232912,0,0.0,0.002892748619150524,0.0014366143269111682,451.41679909297056,3.4275332275291476e-05
1060,0.9786565220067042,0.9920543290019714,0,0.0,0.002882047108901759,0.0014334074195507807,448.91015574937705,3.396690080071825e-05
1070,0.9778912324047585,0.9912784513933206,0,0.0,0.0028713229661656353,0.0014301380414270108,446.41792383614296,3.366395811500149e-05
1080,0.981581688853581,0.9950255488676222,0,0.0,0.002861129594955865,0.0014272538555784263,443.94059585048007,3.3366359355318396e-05
1090,0.9789422463677714,0.9923485075236048,0,0.0,0.0028501200488892965,0.0014236666685480597,441.4786137530511,3.3073964698444195e-05
1100,0.9816270811353841,0.9950689587979301,0,0.0,0.0028383665851482954,0.0014194422266588682,439.03237272727273,3.2786639144132e-05
1110,0.9895573683437855,0.9895494623493293,71,0.0,0.002831834163137431,0.001415200040590711,445.7432643454265,3.2639518491348824e-05
1120,0.9928348108865184,0.9928281305560703,71,0.0,0.002832347535255674,0.0014117831359951234,471.44748007015306,3.236099552761787e-05
1130,0.9933146647007498,0.9933107474951345,73,0.0,0.002831996647713038,0.0014080183652518577,493.8460521575691,3.2216371749710955e-05
1140,0.992642942130919,0.9926372928336317,71,0.0,0.0028314569007806176,0.0014043295075375562,518.4075992613111,3.194624878550067e-05
1150,0.9912651133215326,0.9912556281036006,72,0.0,0.0028308274351964563,0.0014007345065528416,541.8480574669187,3.16806085112041e-05
1160,0.9938398181512819,0.9938364158942964,74,0.0,0.002830009922695533,0.0013971687368278334,562.263614001189,3.154198945619096e-05
1170,0.9938112421169378,0.9938086494366886,74,0.0,0.002827640757134921,0.0013928400526237055,584.8980816714151,3.128416403581004e-05
1180,0.9798460545702795,0.9922417890126264,0,0.012658227848101266,0.002825734005198174,0.0013894684054198483,600.2220224073542,3.137194848195693e-05
1190,0.9823989333331438,0.9948292458536003,0,0.0,0.0028150158767253704,0.0013860792815336479,597.4202415083681,3.112013614188421e-05
1200,0.9820404827185492,0.9943122360791362,0,0.0,0.002804171401834901,0.001382479140355518,594.6281,3.097802866265458e-05
1210,0.9793072436584169,0.991539274276092,0,0.0,0.0027938870633897194,0.0013792555104838575,591.8462700635204,3.0733452290463774e-05
1220,0.9810627180262239,0.9933226704384259,0,0.0,0.0027830259113334694,0.0013755170338248547,589.075372211771,3.0492699356835144e-05
1230,0.9832389425435119,0.9953745327213362,0,0.0,0.0027720575311250936,0.0013716272491347344,586.3159785841762,3.035635735119319e-05
1240,0.9595169849238565,0.9950520247635507,0,0.0,0.002754646941458867,0.0013679992369982387,583.568616024974,3.0313883194906504e-05
1250,0.9578005734699703,0.9928359212104085,0,0.0,0.0027342754331806797,0.0013640500349412163,580.83376896,3.0173415412465786e-05
1260,0.9509140480917048,0.997297941667329,0,0.0,0.0027130383819391037,0.0013605635994956371,578.1118820861678,3.0032807031779386e-05
1270,0.9486110831550435,0.994881487030692,0,0.0,0.002691839703445768,0.001356962166415912,575.4033628867259,2.9807077278126814e-05
1280,0.948416069501139,0.9941192017972776,0,0.0,0.002670995469263648,0.0013533619742988085,572.708583984375,2.966927777459902e-05
1290,0.950717135686761,0.9959867541728235,0,0.0,0.0026505329767638956,0.0013496300207333474,570.0278853434289,2.9531460199642956e-05
1300,0.952097467640126,0.997433012166819,0,0.0,0.002630494796754771,0.001346522746688094,567.3615763313609,2.9314631169918015e-05
1310,0.9509950870256635,0.9962780861749934,0,0.0,0.0026107555028142553,0.0013433768941620513,564.7099376493212,2.910095590938584e-05
1320,0.9482623483049469,0.993413543003396,0,0.0,0.0025912323392123958,0.0013397234464467675,562.0732231404959,2.8890366273549498e-05
1330,0.9511161642310628,0.9953512991047799,0,0.0,0.002571978694897225,0.0013355753232880874,559.4516614845385,2.883616471495369e-05
1340,0.949846385703916,0.9940199313643721,0,0.0,0.0025531528368567718,0.0013320212209603172,556.8454577856983,2.8630691307858918e-05
1350,0.960973749870305,0.9937310246606356,0,0.0,0.0025352452292891387,0.0013278900036306615,554.2547950617285,2.8500921607467304e-05
1360,0.9635209735753482,0.9963648380700595,0,0.0,0.002519334983957685,0.0013247391481229517,551.6798356401384,2.830079030364419e-05
1370,0.9629824664428722,0.9958095938246646,0,0.0,0.0025033985039113514,0.0013211814985566788,549.1207224678992,2.810344390304833e-05
1380,0.9646892781379488,0.9972047003539138,0,0.0,0.0024884577635479604,0.001317680404828116,546.5775803402647,2.7978554511287387e-05
1390,0.9655049461584332,0.9973324358694963,0,0.0,0.0024732284227565546,0.00131429744813859,544.0505170539827,2.7919569557114655e-05
1400,0.9640890871739913,0.995869289146993,0,0.0,0.00245841662162871,0.001311077353670728,541.539624489796,2.7729162101248435e-05
1410,0.9654333298993671,0.9969124508890058,0,0.0,0.0024436510686395123,0.0013075417318854615,539.0449796287912,2.7604761609596612e-05
1420,0.9630750350883795,0.9940318337770996,0,0.010526315789473684,0.0024292676945121437,0.0013042217849599073,536.5666455068439,2.7480620331463264e-05
1430,0.9655245022426047,0.9963376111304557,0,0.0,0.002415190852862338,0.0013008579259694883,534.1046721111056,2.7356780492289038e-05
1440,0.965089423488999,0.9958879516984765,0,0.0,0.002401291855729226,0.0012974629153819028,531.6590972222223,2.717542565698746e-05
1450,0.966626774612489,0.997475687875054,0,0.0,0.002387662685886969,0.0012942092924421356,529.2299472057074,2.6996454152664227e-05
1460,0.9659337257795334,0.9964344447193398,0,0.0,0.00237420169292112,0.0012908216660413529,526.8172377556765,2.687709786698195e-05
1470,0.9663443242003191,0.9968592782156047,0,0.0,0.0023609429605055176,0.0012874946086302466,524.4209745939193,2.670246972979182e-05
1480,0.9669982195168869,0.9975338878657118,0,0.0,0.0023478914484135684,0.0012842337817998016,522.0411541271002,2.653009124587088e-05
1490,0.9677807964040764,0.9980231830968102,0,0.0,0.002335046186468787,0.0012809547657614885,519.6777640646818,2.6414960106192535e-05
1500,0.9660931689173791,0.9962816016847964,0,0.0,0.0023222843681441623,0.0012775474751281386,517.3307840000001,2.6246684084633838e-05
1510,0.9472983171522412,0.9961267244620134,0,0.0,0.0023080472179035434,0.0012741230226249373,515.0001859567562,2.6236234048665127e-05
1520,0.9479333566692214,0.99679392370039,0,0.0,0.0022928982201387395,0.0012708708508520532,512.685934903047,2.6071426641763095e-05
1530,0.948535402281074,0.9974275299742753,0,0.0,0.0022779393955992223,0.001267516265304245,510.3879892349097,2.5908672293518544e-05
1540,0.9570748903723334,0.9953558342332445,0,0.0,0.0022637735726686106,0.0012639288241260097,508.1063012312364,2.5844249902799557e-05
1550,0.959588603182123,0.9979716024340771,0,0.0,0.002250189840366296,0.001260591522388278,505.8408174817899,2.5685042119849284e-05
1560,0.960183519945118,0.9985901225890476,0,0.0,0.0022368167491888767,0.0012573481263653302,503.5914792899408,2.552777955144493e-05
1570,0.9594218753593512,0.9977968779441393,0,0.0,0.0022235840385430093,0.0012540492344502371,501.35822305164515,2.53724268489005e-05
1580,0.9698083997494896,0.9986140222438398,0,0.0,0.0022112810376781894,0.0012506281397175285,499.1409806120814,2.5218949512623507e-05
1590,0.9699976214261928,0.9988090512107979,0,0.0,0.002200481758479205,0.0012473775035322968,496.9396796012816,2.506731386684538e-05
1600,0.9700016600973892,0.9988130635191463,0,0.0,0.0021898051228844543,0.0012441431695191804,494.75424375,2.4917487035246204e-05
1610,0.9688478638036812,0.9976244882701572,0,0.0,0.002179181902854593,0.0012408408610631637,492.5845931869912,2.4769436917437115e-05
1620,0.9602048025364723,0.9978592359929109,0,0.0,0.0021668120368613162,0.001237339794539119,490.43064471879285,2.4711709354007212e-05
1630,0.9615189094500434,0.998858960747494,0,0.0,0.002154509462673047,0.0012339306793244464,488.2923120930407,2.4609304077341717e-05
1640,0.9620662713837853,0.9990683907550619,0,0.0,0.0021424766604430843,0.001230603200429509,486.16950624628197,2.450724922444485e-05
1650,0.9617088822277748,0.998696975147095,0,0.0,0.002130626344313122,0.0012273578821925472,484.06213553719004,2.4365246339168083e-05
1660,0.9620720378411415,0.9987217884265697,0,0.0,0.0021188770705043466,0.0012240085945645234,481.9701059660328,2.4265020594027466e-05
1670,0.9625962299192274,0.9992663242846662,0,0.0,0.002107349132530325,0.001220763635454038,479.8933213811897,2.412608330597749e-05
1680,0.96241926346218,0.9990825688073395,0,0.0,0.0020959219665573534,0.0012174641322037483,477.8316836734694,2.3988724743189895e-05
1690,0.9618911121857234,0.9985340616657126,0,0.0,0.0020846277860681853,0.0012141787616069151,475.78509295893,2.385291820955768e-05
1700,0.9627730620308911,0.9994499449944995,0,0.0,0.0020734771676601204,0.0012109316768959555,473.753447750865,2.3718637606040224e-05
1710,0.9613487597092654,0.9972314689123875,0,0.00909090909090909,0.002062456032587161,0.0012076254610121472,471.73664512157586,2.3661853906804094e-05
1720,0.9617580311480294,0.997710589493681,0,0.0,0.0020516306219386642,0.0012043394532061207,469.7345808545159,2.3530231922085804e-05
1730,0.9610878725314681,0.9970146681669353,0,0.0,0.0020408935404679367,0.0012010038807878229,467.7471495873567,2.3400063225537588e-05
1740,0.9636174378056637,0.9993067590987869,0,0.0,0.002030309993156763,0.0011976466565096113,465.7742449464923,2.3307619671411175e-05
1750,0.9725522103078971,0.9993194964273563,0,0.0,0.0020202300469300996,0.0011943450965897849,463.81575967346936,2.31801378119218e-05
1760,0.9724052586598861,0.9986861553621285,0,0.0,0.0020118511093531314,0.0011910762978979725,461.87158574380163,2.312371712990966e-05
1770,0.9716084440948345,0.9978675335376759,0,0.0,0.0020036632991683677,0.0011878757192407012,459.941614478598,2.299870064605162e-05
1780,0.9639680663090976,0.9983948659184845,0,0.0,0.001993684648657193,0.001184605505647588,458.025736649413,2.2941218067343428e-05
1790,0.9645837203572097,0.9990328820116054,0,0.0,0.0019839040459894495,0.0011814623117818938,456.1238425766986,2.281860241820594e-05
1800,0.9650506879864678,0.9992114632988212,0,0.0,0.0019742382132769804,0.0011782649130218355,454.2358222222223,2.2729086296332478e-05
1810,0.9647443363039693,0.9988942077890577,0,0.0,0.001964684963384092,0.0011751007717604044,452.36156527578515,2.260892874046008e-05
1820,0.9645881645881645,0.9987325728770595,0,0.0,0.0019551975819619917,0.0011718955633299442,450.50096123656556,2.24900323913553e-05
1830,0.9642840587794717,0.9984175701132123,0,0.0,0.0019457999614910387,0.0011686906224109396,448.65389948938457,2.237237753878269e-05
1840,0.9647500294289285,0.9988999182429511,0,0.0,0.0019364976972724875,0.0011654976766874272,446.8202693761815,2.225594488011974e-05
1850,0.9643677457502102,0.997878260145566,0,0.00847457627118644,0.0019269035649140856,0.0011623023493812466,444.9999602629657,2.2201160108891477e-05
1860,0.9650590513525115,0.9986259310501677,0,0.0,0.001917884940984528,0.0011591289628302926,443.1928616024974,2.2086886061153287e-05
1870,0.9643194807348032,0.997860492737471,0,0.0,0.001908952492608771,0.0011559621675523795,441.3988629929366,2.1973780079971042e-05
1880,0.9640609832780331,0.9971341839071987,0,0.008333333333333333,0.0019000942721534573,0.0011527164790328544,439.61785423268446,2.191915669332313e-05
1890,0.9658074746234772,0.9988260272582599,0,0.0,0.0018914472467727358,0.001149602673843016,437.84972537163014,2.1808120873052106e-05
1900,0.9658049114071917,0.9988234568789239,0,0.0,0.0018828666500745265,0.0011464755590920904,436.09436675900275,2.169820213971678e-05
1910,0.9665158172548752,0.9990034397794638,0,0.0,0.00187438696271489,0.001143291493489826,434.35166908801847,2.1643810566878452e-05
1920,0.9673325737074491,0.9993103448275862,0,0.0,0.0018660618975009835,0.0011401380714135569,432.62152343750006,2.158796103309439e-05
1930,0.9667995787971859,0.9987595715474258,0,0.0,0.0018579175428005488,0.0011370685207581271,430.9038213106392,2.148091141464973e-05
1940,0.9662676760926012,0.9982099067316103,0,0.0,0.001849841517444362,0.001134001432987341,429.1984546710596,2.137491611873164e-05
1950,0.9673341512913706,0.9990498167503733,0,0.0,0.0018418262050426126,0.0011308892580935916,427.5053159763314,2.1294963084786284e-05
1960,0.9678602019320125,0.999593220338983,0,0.0,0.001833903093553472,0.0011277937679416753,425.82429820907953,2.119094244739938e-05
1970,0.9678602019320125,0.999593220338983,0,0.0,0.0018260950410191057,0.001124771562177674,424.1552949058208,2.1087931119575116e-05
1980,0.9674692878537182,0.9989314812341392,0,0.0,0.0018183571756507052,0.0011217229045839118,422.4982001836548,2.1010172607284572e-05
1990,0.9602964255069323,0.9993327105298279,0,0.0,0.0018099057431925974,0.0011187164573650329,420.8529087649302,2.0932757195503793e-05
2000,0.959910934042361,0.9989314812341392,0,0.0,0.0018013310868656223,0.001115722697405301,419.21931600000005,2.083252225719161e-05
2010,0.959784480132149,0.9987998047888562,0,0.0,0.0017928309907304261,0.0011127180948769819,417.59731788817106,2.0733240832558187e-05
2020,0.9608619618332435,0.9996062992125985,0,0.0,0.0017844018591316223,0.0011096676239828298,415.98681109695127,2.0657910034818314e-05
2030,0.9530967845961849,0.9992141318471454,0,0.0,0.0017759049796785167,0.0011066580923425522,414.3876929796889,2.0582911587813526e-05
2040,0.9535842713824728,0.9993561066405048,0,0.0,0.0017672345818343703,0.0011036607802636775,412.79986159169556,2.050825025394374e-05
2050,0.9540622424213762,0.9994935977013026,0,0.0,0.0017586586381108354,0.001100653683659457,411.22321570493756,2.043393040064681e-05
2060,0.9540602245905156,0.9994915469683489,0,0.0,0.0017501677439231006,0.001097671207995739,409.65765482137806,2.0338923432264822e-05
2070,0.953100253161847,0.9980922632267362,0,0.007575757575757576,0.001741753887126367,0.0010946500299597367,408.10307918504515,2.0265757955359792e-05
2080,0.9541702181721585,0.9992489673300788,0,0.0,0.0017334384260805258,0.00109169851741138,406.5593897928994,2.0172425839587282e-05
2090,0.947051499834759,0.9992509708339258,0,0.0,0.0017252098133677149,0.0010887271981326052,405.0264884045695,2.0100387602379138e-05
2100,0.947051499834759,0.9992509708339258,0,0.0,0.0017170578452896624,0.001085788563511294,403.5042775510204,2.0008686008731e-05
2110,0.9400363035396867,0.9992509708339258,0,0.0,0.0017093764669320435,0.0010828108681135847,401.9926605422161,1.9937748734379885e-05
2120,0.9408308075579735,0.9996325875316233,0,0.0,0.0017018165649385982,0.001079885325759724,400.49154147383416,1.986713934987101e-05
2130,0.9408289110919958,0.999630632849052,0,0.0,0.0016942895134362443,0.0010770038205228753,399.0008252330887,1.977777313151373e-05
2140,0.9414666979822668,0.9994029850746269,0,0.0,0.001686800523615017,0.001074047748743995,397.52041750371205,1.9726916191663637e-05
2150,0.9344734672146657,0.9991675143958413,0,0.0,0.0016798846968844186,0.0010711659691415472,396.05022477014603,1.9657307686515757e-05
2160,0.9342202927858846,0.9983799463834959,0,0.007194244604316547,0.0016732741603182736,0.0010682555912316053,394.59015432098766,1.9588037637842387e-05
2170,0.9352744058267314,0.9995297989890678,0,0.0,0.0016666276837813043,0.0010653922948613214,393.14011425173607,1.950157623895612e-05
2180,0.9353844556606185,0.9996474321306852,0,0.0,0.0016600369092377048,0.0010625295990633553,391.7000134668799,1.9415873306145e-05
2190,0.9346338684604051,0.9983301285755496,0,0.007142857142857143,0.0016535087760001382,0.0010596480527385174,390.2697616813661,1.9348344731870235e-05
2200,0.9364062665643141,0.9997720537953043,0,0.0,0.0016469086925790504,0.0010567961265712982,388.84926942148763,1.928114229638135e-05
2210,0.9364062665643141,0.9997720537953043,0,0.0,0.0016403327768624147,0.0010539854295648161,387.43844802522466,1.919755243747622e-05
2220,0.9367473171118301,0.9996631106120157,0,0.0,0.0016337902161209993,0.0010511512976495128,386.0372096420745,1.9131348561684965e-05
2230,0.9370851229158377,0.9995573752351444,0,0.0,0.001627243941326578,0.0010483206282784797,384.6454672323996,1.9065466538681122e-05
2240,0.9307255412193517,0.9996681048788583,0,0.0,0.0016209971277443985,0.001045531346425491,383.2631345663265,1.8999907822572865e-05
2250,0.9243507087452465,0.9996681048788583,0,0.0,0.0016165791701742383,0.0010427501674681522,381.89012622222225,1.8934673678551876e-05
2260,0.9244636506372936,0.9992363080951342,0,0.00684931506849315,0.0016119215985928056,0.0010399468303817687,380.5263575847756,1.8869765192772892e-05
2270,0.9249684606819447,0.9997820401046208,0,0.0,0.0016075740867073712,0.0010371598773229963,379.1717448427099,1.879013018054408e-05
2280,0.9246657103719803,0.9994547437295529,0,0.0,0.0016032188467926464,0.001034400996377293,377.82620498614966,1.8711163226385886e-05
2290,0.924564703124108,0.9993455497382199,0,0.0,0.0015988976103369988,0.0010316335013069822,376.48965580366513,1.863285597619481e-05
2300,0.924564703124108,0.9993455497382199,0,0.0,0.0015945757548281182,0.001028888011130859,375.16201587901696,1.8555200214268807e-05
2310,0.9250692869740488,0.9998910438003923,0,0.0,0.001590268638001218,0.001026151284131769,373.84320458762016,1.8478187860460035e-05
2320,0.9245388930977361,0.9982035223991597,0,0.006756756756756757,0.0015858934894736436,0.0010233951688541907,372.53314209274674,1.843124209018884e-05
2330,0.9396188093003859,0.9995944027580612,0,0.0,0.0015804911760746725,0.0010206221874417653,371.2317493414872,1.836971428122057e-05
2340,0.9397141665549549,0.9996958637469586,0,0.0,0.0015741153567617732,0.0010179136312335848,369.93894806048655,1.8294462836576575e-05
2350,0.94,1.0,0,0.0,0.0015677859784281082,0.0010152242490736655,368.6546607514712,1.821982427425968e-05
2360,0.94,1.0,0,0.0,0.0015615041284242194,0.0010125503988473428,367.3788106865843,1.814579115219036e-05
2370,0.9400213736697994,0.9996001199640108,0,0.0,0.0015552784151688461,0.0010098449926198854,366.1113219035411,1.8086266293964804e-05
2380,0.9467399295023345,0.9997043461121514,0,0.0,0.0015487983155511255,0.0010071634568672727,364.8521192006214,1.8013384019076292e-05
2390,0.9463661495533721,0.9993095966071605,0,0.0,0.0015423383546120505,0.0010045070114948825,363.6011281315103,1.7941085717816664e-05
2400,0.9466465412171493,0.9996057171020207,0,0.0,0.0015359314400880386,0.0010018644187225654,362.35827500000005,1.786936441316413e-05
2410,0.940511377334556,0.9997043461121514,0,0.0,0.001529850188823681,0.0009992278885902666,361.12348685456516,1.7811743966001058e-05
2420,0.9401400564642051,0.9993095966071605,0,0.0,0.001523818144903696,0.0009965976382795775,359.89669148282223,1.7741119458587348e-05
2430,0.9342720766260755,0.9996057171020207,0,0.0,0.0015181223236220443,0.0009939736037720076,358.6778174058832,1.7684288075463954e-05
2440,0.935064935064935,1.0,0,0.0,0.0015127153730121682,0.0009913669246233586,357.46679387261486,1.7627720006752044e-05
2450,0.9347014442500317,0.999611197511664,0,0.0,0.0015073289688707877,0.0009887728992501324,356.26355085381095,1.7558676503481703e-05
2460,0.935064935064935,1.0,0,0.0,0.0015019717913342591,0.000986200036726042,355.0680190362879,1.7490170796499916e-05
2470,0.9287614528597834,0.9997084548104956,0,0.006493506493506494,0.0014967429468523935,0.0009836231488076627,353.88012981691224,1.7434868934114806e-05
2480,0.9288517573146416,0.9998056743101438,0,0.0,0.0014922634506200007,0.000981073106530024,352.69981529656604,1.7367386741733346e-05
2490,0.9416684168630776,0.999716419321297,0,0.0,0.0014869156328384066,0.0009784938893940352,351.52700827406005,1.7300424017769478e-05
2500,0.948121860413143,0.9997202797202798,0,0.0,0.0014810059048351147,0.0009759397488532649,350.36164224,1.723397479820613e-05
2510,0.9480333805699891,0.9996269700643476,0,0.0,0.0014751057037285403,0.0009734158935393101,349.20365137061316,1.716803320979097e-05
2520,0.954694756798475,0.9995461147421931,0,0.0,0.0014693542304862759,0.0009708594449069564,348.05297052154197,1.7114898783305538e-05
2530,0.9549549226652945,0.9998185447287243,0,0.0,0.0014637148416222173,0.0009683576543877585,346.9095352216095,1.7049923136247998e-05
2540,0.9549549226652945,0.9998185447287243,0,0.0,0.0014581163416515978,0.000965858577935205,345.7732816665634,1.6985438150554298e-05
2550,0.955073027928214,0.9996430120825284,0,0.0,0.0014525616163956739,0.0009633466819769194,344.64414671280275,1.6933452905811936e-05
2560,0.9553285170777582,0.9999104985232257,0,0.0,0.001447063011522944,0.0009608680634235238,343.5220678710938,1.686990176440748e-05
2570,0.9605976105635968,0.9987647301033313,0,0.0,0.0014416447360378443,0.0009583843992390672,342.4069833002771,1.680682506720762e-05
2580,0.9616135573011562,0.9998233371610282,0,0.0,0.0014367100719894178,0.0009559212145888204,341.2988318009735,1.6744217530433622e-05
2590,0.9616985138004247,0.9999116841826371,0,0.0,0.0014318017756564353,0.000953457736157879,340.19755280929024,1.6682073948324732e-05
2600,0.9556962025316456,1.0,0,0.0,0.0014265196153205055,0.0009510134503961788,339.10308639053255,1.6632062459608255e-05
2610,0.9555273955460855,0.9998233371610282,0,0.0,0.0014212344385574154,0.000948590510200005,338.01537323292376,1.6570801750723272e-05
2620,0.9556118143459916,0.9999116841826371,0,0.0,0.0014159852384149788,0.0009461685091090804,336.9343546413379,1.6509989945989773e-05
2630,0.9619414871321988,0.9999128464354192,0,0.0,0.0014108532847020767,0.0009437315168851508,335.8599725310471,1.6449622137721e-05
2640,0.9619414871321988,0.9999128464354192,0,0.0,0.001406160647399713,0.0009413390426272248,334.79216942148764,1.6389693489375654e-05
2650,0.9619329593507698,0.9996557659208262,0,0.0,0.0014015049846441059,0.0009389382497184924,333.7308884300463,1.6341544337937692e-05
2660,0.9622641509433962,1.0,0,0.0,0.0013968918390873308,0.0009365576885602871,332.6760732658714,1.6282451250656942e-05
2670,0.9620158010921342,0.9997418688693857,0,0.0,0.001392307492030947,0.0009341852062582188,331.6276682237091,1.6223783336156927e-05
2680,0.9620986136046936,0.9998279421885754,0,0.0,0.0013877501373686073,0.000931818675739446,330.58561817776786,1.6165536029893898e-05
2690,0.9624183006535947,0.9999151031496731,0,0.0,0.0013832194154440101,0.0009294514814310955,329.5498685756139,1.611876180231883e-05
2700,0.9624183006535947,0.9999151031496731,0,0.0,0.0013787423613763259,0.0009271028200462228,328.5203654320988,1.6061314785694572e-05
2710,0.9625,1.0,0,0.0,0.0013742967824794158,0.0009247677480095862,327.49705532332075,1.600427517295075e-05
2720,0.9623365728305963,0.9998301774645495,0,0.0,0.0013698728896145334,0.0009224333779597196,326.4798853806229,1.594763865263054e-05
2730,0.9565506158563679,0.999749607974849,0,0.0,0.0013651737086618758,0.000920101959709412,325.4688032846275,1.591279271086227e-05
2740,0.9570552147239264,1.0,0,0.0,0.0013604025482005027,0.0009177916424836403,324.4637572593105,1.586732243024041e-05
2750,0.9568968660574113,0.9998345192785041,0,0.0,0.0013556654068689294,0.0009154929447918074,323.46469606611566,1.5811792375443056e-05
2760,0.9566601960197341,0.9995871680210028,0,0.0,0.0013509597882443336,0.0009132003985931076,322.47156899810966,1.575664904974051e-05
2770,0.9570042205368721,0.9996731492073868,0,0.0,0.001346289605793405,0.0009109102786650934,321.48432587418057,1.5712080802195004e-05
2780,0.9571606992535394,0.9998366280019605,0,0.0,0.0013416652286219102,0.0009086412819407192,320.50291703327986,1.5657674438132535e-05
2790,0.957421321686783,0.9998386966690862,0,0.0,0.0013370797575940102,0.0009063715243343289,319.52729332870854,1.5613633279679965e-05
2800,0.9575757575757575,1.0,0,0.0,0.001332537193611923,0.0009041304730506326,318.557406122449,1.5559949101448567e-05
2810,0.9628818594176083,0.9989718291311703,0,0.006060606060606061,0.0013282462020034718,0.0009018728245091112,317.5932072795431,1.5516425728710445e-05
2820,0.9644239900650158,0.999924248163018,0,0.0,0.0013242714852009171,0.0008996151560651337,316.634649162517,1.5491895120463433e-05
2830,0.9643509160231567,0.9998484733691947,0,0.0,0.0013203660272111568,0.0008973935325855922,315.68168462585373,1.5439212373547265e-05
2840,0.9644970414201184,1.0,0,0.0,0.001316488722988958,0.0008951878488590745,314.7342670105138,1.5386886183424915e-05
2850,0.9644970414201184,1.0,0,0.0,0.0013126354870968808,0.0008929935739169071,313.7923501385041,1.5334912948422443e-05
2860,0.9644970414201184,1.0,0,0.0,0.0013087971220833337,0.0008908002782941887,312.8558883074967,1.528328911512673e-05
2870,0.9646341463414635,0.9999247271358676,0,0.0,0.0013049862309689575,0.0008886102826491885,311.92483628549576,1.5241108287139648e-05
2880,0.9707602339181286,1.0,0,0.0,0.0013019233824133557,0.0008864163710013059,310.9991493055556,1.5199095341053125e-05
2890,0.9706184441419957,0.9998539186326784,0,0.0,0.0012989027918169146,0.0008842468208954782,310.07878306054766,1.5148457725352692e-05
2900,0.9707901165845251,0.9998556686151404,0,0.0,0.001295899600336252,0.0008820797745860133,309.1636936979786,1.5106929077517457e-05
2910,0.9708601849257494,0.9999278447218414,0,0.0,0.0012929344822339764,0.0008799359124576684,308.2538378148581,1.5056939915515549e-05
2920,0.9767441860465116,1.0,0,0.0,0.0012904302056963041,0.0008777884388041253,307.3491724526178,1.5007280007416098e-05
2930,0.9767441860465116,1.0,0,0.0,0.0012884159644383634,0.000875661967198737,306.44965509208026,1.4957946116074505e-05
2940,0.9766745578610221,0.9999287038357336,0,0.0,0.0012864004528015892,0.0008735448187986778,305.5552436484798,1.490893504657127e-05
2950,0.9766721121842552,0.9997885835095137,0,0.0,0.001284388018672581,0.0008714247550396771,304.6658964665326,1.486879319855255e-05
2960,0.9766721121842552,0.9997885835095137,0,0.0,0.0012823748569993937,0.0008693143269881808,303.78157231555883,1.482039926356038e-05
2970,0.9766032389570048,0.9997180716098111,0,0.0,0.0012803656881235066,0.0008672162272279009,302.9022303846546,1.477231887503743e-05
2980,0.9826233751339072,0.9998623632234533,0,0.0,0.0012793366793168463,0.0008651103229903938,302.0278302779154,1.4732919648505973e-05
2990,0.9827903091060985,0.9999319912948857,0,0.0,0.0012784594621769512,0.0008630261659569224,301.1583320097091,1.4693671630013616e-05
3000,0.9830508474576272,1.0,0,0.0,0.0012775802200435632,0.0008609455505895137,300.293696,1.4662558569891947e-05
3010,0.9888268156424581,1.0,0,0.0,0.0012770941310014012,0.0008588598886766532,299.4338830697233,1.463122792863984e-05
3020,0.9824905129216847,0.9990350685845534,0,0.005555555555555556,0.0012765296778171026,0.0008568017410561698,298.5788544362089,1.459969685429925e-05
3030,0.988950276243094,1.0,0,0.0,0.0012759647662584626,0.0008547532706018338,297.72857170865603,1.4553298903044058e-05
3040,0.9888885516592503,0.9998754970961529,0,0.0,0.0012763820557471974,0.0008527069710098122,296.88299688365646,1.4514571438899131e-05
3050,0.9945054945054945,1.0,0,0.0,0.001278226257644496,0.0008506728578015471,296.0420923407686,1.4468742312252004e-05
3060,0.9944444444444444,0.999938605108055,0,0.0,0.0012800495743285607,0.0008486577279888932,295.2058208381392,1.4423201259101023e-05
3070,0.9943833790547744,0.9998771951369274,0,0.0,0.001281816968224874,0.0008466489413922343,294.3741455081751,1.4377945576049863e-05
3080,0.9945054945054945,1.0,0,0.0,0.001283544562261981,0.0008446519305344801,293.5470298532636,1.4332972593365912e-05
3090,0.9945652173913043,1.0,0,0.0,0.0012851956617580202,0.0008426502186047838,292.7244377415402,1.4302580079302312e-05
3100,0.9945652173913043,1.0,0,0.0,0.0012868358038954119,0.000840667115322553,291.9063334027055,1.4258134995483772e-05
3110,0.9945355191256832,0.9999405964120233,0,0.0,0.001288417133440106,0.0008386860900754508,291.09268142388936,1.4220939986718434e-05
3120,0.9945945945945946,1.0,0,0.0,0.001289972515470604,0.0008367196876240783,290.28344674556206,1.417702801051652e-05
3130,0.9945945945945946,1.0,0,0.0,0.0012914801691321213,0.0008347606883968075,289.4785946574937,1.4133385998183571e-05
3140,0.9945945945945946,1.0,0,0.0,0.0012929503386368561,0.0008328124452805801,288.6780907947585,1.4090011471625349e-05
3150,0.9945945945945946,1.0,0,0.0,0.0012943680277903312,0.0008308692795471716,287.8819011337868,1.4046901982934734e-05
3160,0.9946236559139785,1.0,0,0.0,0.0012949443817999989,0.0008289303226683153,287.0899919884634,1.4010865689966578e-05
3170,0.9946524064171123,1.0,0,0.0,0.0012962762759197615,0.0008269979466509494,286.30233000626936,1.3974970379599283e-05
3180,0.9945945945945945,0.9999418706039644,0,0.0,0.001297589661130067,0.0008250800639578269,285.5188821644713,1.3932614305448869e-05
3190,0.9894179894179894,1.0,0,0.0,0.0012976844328847154,0.0008231570113220672,284.7396157663545,1.3903603005959771e-05
3200,0.9893041909872204,0.9998849715304537,0,0.0,0.001297659593064638,0.0008212531434845507,283.9644984375,1.3861729736800633e-05
3210,0.9842105263157894,1.0,0,0.0,0.001297073553183728,0.0008193575076841015,283.19349812210675,1.3826496199094626e-05
3220,0.9842371979729541,0.9999431042330451,0,0.0,0.0012959222967233433,0.0008174610885546958,282.42658307935653,1.3791401848869185e-05
3230,0.9843195921985816,0.9999437063724387,0,0.0,0.0012947819985875465,0.0008155738973650866,281.6637218798225,1.3756446667816314e-05
3240,0.9843195921985816,0.9999437063724387,0,0.0,0.001293657384934513,0.0008137033360773757,280.9048834019204,1.3715527498430603e-05
3250,0.9844559585492227,1.0,0,0.0,0.001292517547258762,0.0008118308485626299,280.15003682840234,1.368094199211915e-05
3260,0.9843462879317283,0.9998885855941173,0,0.0,0.0012913777324370418,0.0008099710112417451,279.3991516428921,1.364049362847528e-05
3270,0.9845360824742269,1.0,0,0.0,0.0012902295824942912,0.0008081174630602768,278.6521976264624,1.36062719166385e-05
3280,0.9845360824742269,1.0,0,0.0,0.0012890903369583181,0.0008062755806372225,277.90914485425344,1.3566286226133264e-05
3290,0.9845360824742269,1.0,0,0.0,0.0012879440635665883,0.0008044425551540166,277.1699636921315,1.3526534538025372e-05
3300,0.9845360824742269,1.0,0,0.0,0.001286784038079102,0.0008026150147210287,276.4346247933884,1.3487014807240472e-05
3310,0.9845360824742269,1.0,0,0.0,0.0012856174435037725,0.0008007962513159306,275.70309909548104,1.3447725012427508e-05
3320,0.9844275515382983,0.9998897524943499,0,0.0,0.0012844395838502813,0.0007989838705475139,274.97535781680944,1.3408663155616324e-05
3330,0.9845360824742269,1.0,0,0.0,0.0012832555733198103,0.0007971801774652365,274.25137245353466,1.3369827261881128e-05
3340,0.9846938775510204,1.0,0,0.0,0.0012820534980056476,0.0007953726034871514,273.5311147764352,1.3342804430433895e-05
3350,0.9846938775510204,1.0,0,0.0,0.00128087909328777,0.0007935830022481477,272.81455682780125,1.330439265314193e-05
3360,0.9846938775510204,1.0,0,0.0,0.00127969032497863,0.000791797921247557,272.10167091836735,1.326620110505441e-05
3370,0.9845875733181121,0.9998920319585403,0,0.0,0.001278494941624883,0.0007900208960978729,271.39242962428125,1.3228227900338932e-05
3380,0.984640731292517,0.9999460218071899,0,0.0,0.0012772949849479925,0.0007882527698292798,270.68680578411124,1.3190471174599641e-05
3390,0.9847715736040609,1.0,0,0.0,0.0012760888698647695,0.0007864868795733469,269.9847724958885,1.3158558835451611e-05
3400,0.9842592907333039,0.999392795957756,0,0.005076142131979695,0.0012748775441759805,0.0007847281136509139,269.28630311418686,1.3126766551120098e-05
3410,0.9848484848484849,1.0,0,0.0,0.0012736795691047516,0.0007829807959974159,268.5913712472373,1.3089627433293456e-05
3420,0.9849246231155779,1.0,0,0.0,0.001272476651179161,0.000781236248898627,267.89995075407813,1.3058154359902692e-05
3430,0.9849246231155779,1.0,0,0.0,0.0012712780255755799,0.0007795037493234139,267.21201574174023,1.3021421954909077e-05
3440,0.9849246231155779,1.0,0,0.0,0.0012700726861996868,0.000777778575897891,266.52754056246624,1.298489535386136e-05
3450,0.9800995024875622,1.0,0,0.0,0.0012681683452551488,0.0007760529008861578,265.84649981096413,1.2959221571182804e-05
3460,0.9801980198019802,1.0,0,0.0,0.0012662061824481078,0.0007743352434875841,265.1688683216947,1.2928296759552567e-05
3470,0.9754901960784313,1.0,0,0.0,0.0012636530654090504,0.0007726258424716187,264.4946211661919,1.290256517930087e-05
3480,0.9707317073170731,1.0,0,0.0,0.001260746398365182,0.000770928092081823,263.82373365041616,1.2871802038170803e-05
3490,0.9708249987803094,0.9999497436928334,0,0.0,0.0012577541222988011,0.0007692281079280304,263.1561813121403,1.2841156863816276e-05
3500,0.9758454106280193,1.0,0,0.0,0.0012549335502180878,0.0007675352648805621,262.4919399183674,1.2810629509276508e-05
3510,0.9750237294108286,0.9990257950287501,0,0.004830917874396135,0.0012524629363147078,0.0007658494961217284,261.8309854627803,1.2780219812101958e-05
3520,0.9748382663271454,0.9987153239244927,0,0.004807692307692308,0.0012500120093870651,0.0007641698070195932,261.17329416322315,1.2749927594996485e-05
3530,0.9760765550239234,1.0,0,0.0,0.001247592795688493,0.0007625053076609567,260.5188424592124,1.2715088762741009e-05
3540,0.9760294152308671,0.9999517001545595,0,0.0,0.001245179347233988,0.0007608463116516421,259.86760700948,1.2680439549158485e-05
3550,0.9760765550239234,1.0,0,0.0,0.0012427737795543412,0.0007591942400523491,259.21956468954573,1.2645978412603014e-05
3560,0.9760765550239234,1.0,0,0.0,0.0012403771172124242,0.0007575497681842507,258.5746925893195,1.2611703828069726e-05
3570,0.9760765550239234,1.0,0,0.0,0.001237988286883028,0.0007559121369369846,257.9329680107337,1.2577614286971222e-05
3580,0.9760765550239234,1.0,0,0.0,0.0012356062383686148,0.0007542806034388507,257.2943684654037,1.2543708296917584e-05
3590,0.9760294152308671,0.9999517001545595,0,0.0,0.0012332309696970658,0.000752655142163115,256.65887167231784,1.2509984381499953e-05
3600,0.9760765550239234,1.0,0,0.0,0.0012308624783110502,0.00075103572758383,256.0264555555556,1.2476441080077512e-05
3610,0.9760765550239234,1.0,0,0.0,0.0012285017753233937,0.0007494230278656928,255.3970982420331,1.2443076947567896e-05
3620,0.9715639810426541,1.0,0,0.004761904761904762,0.0012260992573159893,0.0007478098474811488,254.7707780592778,1.2419019464134186e-05
3630,0.9715175169593905,0.9999521714176391,0,0.0,0.0012233288063977035,0.0007462098275116707,254.1474735332286,1.238599375014248e-05
3640,0.9715639810426541,1.0,0,0.0,0.0012205710046918317,0.0007446167536567252,253.52716338606453,1.2353142995011541e-05
3650,0.9715639810426541,1.0,0,0.0,0.0012178238940687323,0.0007430289040402144,252.9098265340589,1.2320465814010684e-05
3660,0.9715639810426541,1.0,0,0.0,0.0012150889150448834,0.0007414476010845503,252.2954420854609,1.228796083696212e-05
3670,0.9716981132075472,1.0,0,0.0,0.0012123715682659634,0.0007398681569243342,251.68398933840183,1.2260071105090336e-05
3680,0.971830985915493,1.0,0,0.0,0.0012096702844111846,0.000738294200678296,251.075447778828,1.2232282931337768e-05
3690,0.971830985915493,1.0,0,0.0,0.001206991379063697,0.0007367314044059697,250.4697970784586,1.2200271580115815e-05
3700,0.971830985915493,1.0,0,0.0,0.001204324087983503,0.0007351750151860998,249.86701709276846,1.2168427125981107e-05
3710,0.971830985915493,1.0,0,0.0,0.0012016668909526683,0.000733623723001326,249.26708785899547,1.2136748268855045e-05
3720,0.9712928370826533,0.9993013613166779,0,0.004694835680751174,0.0011990180766551315,0.0007320751290427169,248.66998959417273,1.2109536661977405e-05
3730,0.9720930232558139,1.0,0,0.0,0.001196390868497382,0.0007305308873025218,248.075702693184,1.2082422990672742e-05
3740,0.9631336405529954,1.0,0,0.0,0.001193477615131992,0.0007289989037515893,247.48420772684378,1.2059546170863292e-05
3750,0.9632590650939274,0.9999542145506158,0,0.0,0.0011903919526240394,0.0007274662924075658,246.89548544000002,1.203257295629849e-05
3760,0.9678899082568807,1.0,0,0.0,0.001187526286613762,0.0007259408058533525,246.30951674966047,1.200166849371863e-05
3770,0.9678899082568807,1.0,0,0.0,0.0011846781584905965,0.0007244259928913396,245.72628274314178,1.1970922176026388e-05
3780,0.9678899082568807,1.0,0,0.0,0.0011818427713442734,0.0007229161401084168,245.14576467624084,1.1940332794049328e-05
3790,0.9678899082568807,1.0,0,0.0,0.0011790215056800646,0.0007214129962546522,244.56794397142878,1.1909899150893087e-05
3800,0.9680365296803652,1.0,0,0.0,0.0011762141110378268,0.0007199123775943033,243.99280221606645,1.1883623738508088e-05
3810,0.9635932787591556,0.9999552852799142,0,0.0045662100456621,0.001173408221107659,0.0007184210940845764,243.42032116064235,1.1857442485891623e-05
3820,0.9681818181818181,1.0,0,0.0,0.0011706210608964384,0.0007169333401348687,242.8504827170308,1.1827456147792034e-05
3830,0.9681818181818181,1.0,0,0.0,0.0011678684879295753,0.0007154529341670242,242.28326895677247,1.179762090631401e-05
3840,0.9681818181818181,1.0,0,0.0,0.0011651286717948588,0.0007139782040231974,241.718662109375,1.1767935623794128e-05
3850,0.9681818181818181,1.0,0,0.0,0.001162401526269093,0.0007125091222512168,241.1566445606342,1.173839917394554e-05
3860,0.9681818181818181,1.0,0,0.0,0.0011596872023186598,0.0007110459388295071,240.59719885097587,1.1709010441716344e-05
3870,0.9638009049773756,1.0,0,0.0,0.0011568893871318048,0.0007095883444412643,240.0403076738177,1.1683636311799904e-05
3880,0.9638009049773756,1.0,0,0.0,0.0011540096161320697,0.0007081365864986178,239.48595387395045,1.1654533525836653e-05
3890,0.9638009049773756,1.0,0,0.0,0.0011511441285806821,0.0007066903588888871,238.9341204459394,1.1625575190787442e-05
3900,0.9680367987257047,0.9997013716814618,0,0.0,0.0011483105903619924,0.0007052469965560294,238.38479053254437,1.159676023521854e-05
3910,0.9684684684684685,1.0,0,0.0,0.0011456670106031923,0.0007038068204564347,237.8379474231592,1.1571887032143313e-05
3920,0.9684684684684685,1.0,0,0.0,0.0011430459712599703,0.0007023770622465942,237.2935745522699,1.154334962745224e-05
3930,0.9684263702955292,0.9999565274094683,0,0.0,0.0011404365079948021,0.0007009524605167933,236.75165549793135,1.1514952462913585e-05
3940,0.968609865470852,1.0,0,0.0,0.001137838823347035,0.0006995297514863807,236.21217398026232,1.149043291547934e-05
3950,0.96875,1.0,0,0.0,0.0011352667756522733,0.0006981142135122359,235.67511385995832,1.1465997505311047e-05
3960,0.96875,1.0,0,0.0,0.0011327076908148428,0.0006967057532188238,235.14045913682276,1.143800324273691e-05
3970,0.96875,1.0,0,0.0,0.0011301597228610752,0.0006953023538230803,234.60819394831512,1.1410145183713534e-05
3980,0.96875,1.0,0,0.0,0.0011276230297751048,0.0006939042455340396,234.07830256811695,1.1382422337862566e-05
3990,0.968708664021164,0.9999573269608262,0,0.0,0.0011250977630941849,0.0006925116509658949,233.55076940471477,1.1354833724371435e-05
4000,0.96875,1.0,0,0.0,0.0011225833977052142,0.0006911240423365205,233.025579,1.1327378371878324e-05
4010,0.9688479262672811,0.9999577184897045,0,0.0,0.0011200812529510392,0.0006897387281424113,232.50271602788538,1.1303669908341294e-05
4020,0.9688888888888889,1.0,0,0.0,0.001117596478403909,0.0006883615367472897,231.98216529293828,1.1276472572849417e-05
4030,0.9690265486725663,1.0,0,0.0,0.0011151269414960295,0.0006869868828691074,231.4639117290298,1.1252968661549464e-05
4040,0.9779735682819384,1.0,0,0.0,0.0011128372022946038,0.0006856144474914409,230.94794039800018,1.122954351629145e-05
