spatial_dimension,total_dimension,num_sources,alpha_0,alpha_1,gamma,M,T,grid_sizes,time_window_size,variant,has_commits,agent_commit_count,commit_rate,first_commit_time,last_commit_time,final_psi,max_salience,source_emission_counts
3,4,1,0.8,1.0,0.1,1,200,"(48, 48, 48)",10,A_physics,True,8945,44.725,13.099999999999765,199.99999999996308,1.4038481533324696,1.4038481533324696,[20000]
3,4,1,0.8,1.0,0.1,1,500,"(48, 48, 48)",10,A_physics,True,38945,77.89,13.099999999999765,499.99999999969026,2.5162685975080312,2.516430152784904,[50000]
3,4,1,0.8,1.0,0.1,1,200,"(48, 48, 48)",10,A_physics,True,8945,44.725,13.099999999999765,199.99999999996308,1.4038481533324696,1.4038481533324696,[20000]
3,4,1,0.8,1.0,0.1,1,500,"(48, 48, 48)",10,A_physics,True,38945,77.89,13.099999999999765,499.99999999969026,2.5162685975080312,2.516430152784904,[50000]
3,4,2,0.8,1.0,0.1,1,200,"(48, 48, 48)",10,A_physics,True,14880,74.4,9.59999999999984,199.99999999996308,5.615324873014118,5.615324873014118,"[20000, 20000]"
3,4,2,0.8,1.0,0.1,1,500,"(48, 48, 48)",10,A_physics,True,44880,89.76,9.59999999999984,499.99999999969026,10.127802997669368,10.129295435102312,"[50000, 50000]"
3,4,2,0.8,1.0,0.1,1,200,"(48, 48, 48)",10,A_physics,True,14881,74.405,9.59999999999984,199.99999999996308,5.613319544618989,5.613319544618989,"[20000, 20000]"
3,4,2,0.8,1.0,0.1,1,500,"(48, 48, 48)",10,A_physics,True,44881,89.762,9.59999999999984,499.99999999969026,10.300758001966084,10.302110657795078,"[50000, 50000]"
3,4,4,0.8,1.0,0.1,1,200,"(48, 48, 48)",10,A_physics,True,17138,85.69,7.089999999999893,199.99999999996308,22.458662995957354,22.458662995957354,"[20000, 20000, 20000, 20000]"
3,4,4,0.8,1.0,0.1,1,500,"(48, 48, 48)",10,A_physics,True,47138,94.276,7.089999999999893,499.99999999969026,40.67022754333105,40.67498441883778,"[50000, 50000, 50000, 50000]"
3,4,4,0.8,1.0,0.1,1,200,"(48, 48, 48)",10,A_physics,True,17138,85.69,7.089999999999893,199.99999999996308,22.468608994699952,22.468608994699952,"[20000, 20000, 20000, 20000]"
3,4,4,0.8,1.0,0.1,1,500,"(48, 48, 48)",10,A_physics,True,47138,94.276,7.089999999999893,499.99999999969026,40.35220503996876,40.355602808187854,"[50000, 50000, 50000, 50000]"
3,4,1,0.8,1.0,0.2,1,200,"(48, 48, 48)",10,A_physics,True,4725,23.625,14.959999999999726,199.9899999999631,0.9687265681795739,0.9687265681795739,[20000]
3,4,1,0.8,1.0,0.2,1,500,"(48, 48, 48)",10,A_physics,True,34520,69.04,14.959999999999726,499.99999999969026,6.281518621224507,6.281518621224507,[50000]
3,4,1,0.8,1.0,0.2,1,200,"(48, 48, 48)",10,A_physics,True,4725,23.625,14.959999999999726,199.9899999999631,0.9687265681795739,0.9687265681795739,[20000]
3,4,1,0.8,1.0,0.2,1,500,"(48, 48, 48)",10,A_physics,True,34520,69.04,14.959999999999726,499.99999999969026,6.281518621224507,6.281518621224507,[50000]
3,4,2,0.8,1.0,0.2,1,200,"(48, 48, 48)",10,A_physics,True,12009,60.045,10.609999999999818,199.99999999996308,3.872585898092725,3.872585898092725,"[20000, 20000]"
3,4,2,0.8,1.0,0.2,1,500,"(48, 48, 48)",10,A_physics,True,42009,84.018,10.609999999999818,499.99999999969026,25.128603456686413,25.128603456686413,"[50000, 50000]"
3,4,2,0.8,1.0,0.2,1,200,"(48, 48, 48)",10,A_physics,True,12011,60.055,10.609999999999818,199.99999999996308,3.8749218637433516,3.8749218637433516,"[20000, 20000]"
3,4,2,0.8,1.0,0.2,1,500,"(48, 48, 48)",10,A_physics,True,42011,84.022,10.609999999999818,499.99999999969026,25.164095081172437,25.164095081172437,"[50000, 50000]"
3,4,4,0.8,1.0,0.2,1,200,"(48, 48, 48)",10,A_physics,True,15760,78.8,7.649999999999881,199.99999999996308,15.486401751139509,15.486401751139509,"[20000, 20000, 20000, 20000]"
3,4,4,0.8,1.0,0.2,1,500,"(48, 48, 48)",10,A_physics,True,45760,91.52,7.649999999999881,499.99999999969026,100.49191974094077,100.49191974094077,"[50000, 50000, 50000, 50000]"
3,4,4,0.8,1.0,0.2,1,200,"(48, 48, 48)",10,A_physics,True,15760,78.8,7.649999999999881,199.99999999996308,15.498732639094117,15.498732639094117,"[20000, 20000, 20000, 20000]"
3,4,4,0.8,1.0,0.2,1,500,"(48, 48, 48)",10,A_physics,True,45760,91.52,7.649999999999881,499.99999999969026,100.66985957228296,100.66985957228296,"[50000, 50000, 50000, 50000]"
3,4,1,0.8,1.0,0.3,1,200,"(48, 48, 48)",10,A_physics,True,2534,12.67,17.059999999999867,199.9899999999631,0.4369902232680087,0.4369902232680087,[20000]
3,4,1,0.8,1.0,0.3,1,500,"(48, 48, 48)",10,A_physics,True,27181,54.362,17.059999999999867,499.99999999969026,2.7943751198084996,2.7943751198084996,[50000]
3,4,1,0.8,1.0,0.3,1,200,"(48, 48, 48)",10,A_physics,True,2534,12.67,17.059999999999867,199.9899999999631,0.4369902232680087,0.4369902232680087,[20000]
3,4,1,0.8,1.0,0.3,1,500,"(48, 48, 48)",10,A_physics,True,27181,54.362,17.059999999999867,499.99999999969026,2.7943751198084996,2.7943751198084996,[50000]
3,4,2,0.8,1.0,0.3,1,200,"(48, 48, 48)",10,A_physics,True,8423,42.115,11.749999999999794,199.99999999996308,1.7487201491111826,1.7487201491111826,"[20000, 20000]"
3,4,2,0.8,1.0,0.3,1,500,"(48, 48, 48)",10,A_physics,True,38423,76.846,11.749999999999794,499.99999999969026,11.177732731745177,11.177732731745177,"[50000, 50000]"
3,4,2,0.8,1.0,0.3,1,200,"(48, 48, 48)",10,A_physics,True,8425,42.125,11.749999999999794,199.99999999996308,1.7490413779894909,1.7490413779894909,"[20000, 20000]"
3,4,2,0.8,1.0,0.3,1,500,"(48, 48, 48)",10,A_physics,True,38425,76.85,11.749999999999794,499.99999999969026,11.174985485606005,11.174985485606005,"[50000, 50000]"
3,4,4,0.8,1.0,0.3,1,200,"(48, 48, 48)",10,A_physics,True,14049,70.245,8.269999999999868,199.99999999996308,6.995337037143782,6.995337037143782,"[20000, 20000, 20000, 20000]"
3,4,4,0.8,1.0,0.3,1,500,"(48, 48, 48)",10,A_physics,True,44049,88.098,8.269999999999868,499.99999999969026,44.721433901652894,44.721433901652894,"[50000, 50000, 50000, 50000]"
3,4,4,0.8,1.0,0.3,1,200,"(48, 48, 48)",10,A_physics,True,14049,70.245,8.269999999999868,199.99999999996308,6.996073578672289,6.996073578672289,"[20000, 20000, 20000, 20000]"
3,4,4,0.8,1.0,0.3,1,500,"(48, 48, 48)",10,A_physics,True,44049,88.098,8.269999999999868,499.99999999969026,44.71417386019235,44.71417386019235,"[50000, 50000, 50000, 50000]"
3,4,1,1.2,1.0,0.1,1,200,"(48, 48, 48)",10,A_physics,True,13182,65.91,10.909999999999812,199.99999999996308,3.1593978434451078,3.1593978434451078,[20000]
3,4,1,1.2,1.0,0.1,1,500,"(48, 48, 48)",10,A_physics,True,43182,86.364,10.909999999999812,499.99999999969026,5.529703264379178,5.5305527064339515,[50000]
3,4,1,1.2,1.0,0.1,1,200,"(48, 48, 48)",10,A_physics,True,13182,65.91,10.909999999999812,199.99999999996308,3.1593978434451078,3.1593978434451078,[20000]
3,4,1,1.2,1.0,0.1,1,500,"(48, 48, 48)",10,A_physics,True,43182,86.364,10.909999999999812,499.99999999969026,5.529703264379178,5.5305527064339515,[50000]
3,4,2,1.2,1.0,0.1,1,200,"(48, 48, 48)",10,A_physics,True,16409,82.045,8.039999999999873,199.99999999996308,12.65245015828032,12.65245015828032,"[20000, 20000]"
3,4,2,1.2,1.0,0.1,1,500,"(48, 48, 48)",10,A_physics,True,46409,92.818,8.039999999999873,499.99999999969026,22.452534110245697,22.45664368940183,"[50000, 50000]"
3,4,2,1.2,1.0,0.1,1,200,"(48, 48, 48)",10,A_physics,True,16409,82.045,8.039999999999873,199.99999999996308,12.617518735453205,12.617518735453205,"[20000, 20000]"
3,4,2,1.2,1.0,0.1,1,500,"(48, 48, 48)",10,A_physics,True,46409,92.818,8.039999999999873,499.99999999969026,23.3053954381003,23.3053954381003,"[50000, 50000]"
3,4,4,1.2,1.0,0.1,1,200,"(48, 48, 48)",10,A_physics,True,17867,89.335,5.959999999999917,199.99999999996308,50.61753378154904,50.61753378154904,"[20000, 20000, 20000, 20000]"
3,4,4,1.2,1.0,0.1,1,500,"(48, 48, 48)",10,A_physics,True,47867,95.734,5.959999999999917,499.99999999969026,90.91680245285882,90.93542566347739,"[50000, 50000, 50000, 50000]"
3,4,4,1.2,1.0,0.1,1,200,"(48, 48, 48)",10,A_physics,True,17867,89.335,5.959999999999917,199.99999999996308,50.68514076716414,50.68514076716414,"[20000, 20000, 20000, 20000]"
3,4,4,1.2,1.0,0.1,1,500,"(48, 48, 48)",10,A_physics,True,47867,95.734,5.959999999999917,499.99999999969026,89.6121712820101,89.62780961776278,"[50000, 50000, 50000, 50000]"
3,4,1,1.2,1.0,0.2,1,200,"(48, 48, 48)",10,A_physics,True,9516,47.58,12.209999999999784,199.99999999996308,2.1807610283562524,2.1807610283562524,[20000]
3,4,1,1.2,1.0,0.2,1,500,"(48, 48, 48)",10,A_physics,True,39516,79.032,12.209999999999784,499.99999999969026,14.02763555610128,14.02763555610128,[50000]
3,4,1,1.2,1.0,0.2,1,200,"(48, 48, 48)",10,A_physics,True,9516,47.58,12.209999999999784,199.99999999996308,2.1807610283562524,2.1807610283562524,[20000]
3,4,1,1.2,1.0,0.2,1,500,"(48, 48, 48)",10,A_physics,True,39516,79.032,12.209999999999784,499.99999999969026,14.02763555610128,14.02763555610128,[50000]
3,4,2,1.2,1.0,0.2,1,200,"(48, 48, 48)",10,A_physics,True,14511,72.555,8.749999999999858,199.99999999996308,8.721202759603745,8.721202759603745,"[20000, 20000]"
3,4,2,1.2,1.0,0.2,1,500,"(48, 48, 48)",10,A_physics,True,44511,89.022,8.749999999999858,499.99999999969026,56.082461175414664,56.082461175414664,"[50000, 50000]"
3,4,2,1.2,1.0,0.2,1,200,"(48, 48, 48)",10,A_physics,True,14510,72.55,8.749999999999858,199.99999999996308,8.722183918939162,8.722183918939162,"[20000, 20000]"
3,4,2,1.2,1.0,0.2,1,500,"(48, 48, 48)",10,A_physics,True,44510,89.02,8.749999999999858,499.99999999969026,56.14869615082484,56.14869615082484,"[50000, 50000]"
3,4,4,1.2,1.0,0.2,1,200,"(48, 48, 48)",10,A_physics,True,17013,85.065,6.359999999999909,199.99999999996308,34.88839589893474,34.88839589893474,"[20000, 20000, 20000, 20000]"
3,4,4,1.2,1.0,0.2,1,500,"(48, 48, 48)",10,A_physics,True,47013,94.026,6.359999999999909,499.99999999969026,224.4342723122404,224.4342723122404,"[50000, 50000, 50000, 50000]"
3,4,4,1.2,1.0,0.2,1,200,"(48, 48, 48)",10,A_physics,True,17013,85.065,6.359999999999909,199.99999999996308,34.89175280791576,34.89175280791576,"[20000, 20000, 20000, 20000]"
3,4,4,1.2,1.0,0.2,1,500,"(48, 48, 48)",10,A_physics,True,47013,94.026,6.359999999999909,499.99999999969026,224.22808369398302,224.22808369398302,"[50000, 50000, 50000, 50000]"
3,4,1,1.2,1.0,0.3,1,200,"(48, 48, 48)",10,A_physics,True,4810,24.05,13.679999999999753,199.99999999996308,1.971283107028216,0.985691619521292,[20000]
3,4,1,1.2,1.0,0.3,1,500,"(48, 48, 48)",10,A_physics,True,34689,69.378,13.679999999999753,499.99999999969026,6.286894299139493,6.286894299139493,[50000]
3,4,1,1.2,1.0,0.3,1,200,"(48, 48, 48)",10,A_physics,True,4810,24.05,13.679999999999753,199.99999999996308,1.971283107028216,0.985691619521292,[20000]
3,4,1,1.2,1.0,0.3,1,500,"(48, 48, 48)",10,A_physics,True,34689,69.378,13.679999999999753,499.99999999969026,6.286894299139493,6.286894299139493,[50000]
3,4,2,1.2,1.0,0.3,1,200,"(48, 48, 48)",10,A_physics,True,12178,60.89,9.54999999999984,199.99999999996308,3.9419439171080772,3.9419439171080772,"[20000, 20000]"
3,4,2,1.2,1.0,0.3,1,500,"(48, 48, 48)",10,A_physics,True,42178,84.356,9.54999999999984,499.99999999969026,25.151622261127663,25.151622261127663,"[50000, 50000]"
3,4,2,1.2,1.0,0.3,1,200,"(48, 48, 48)",10,A_physics,True,12180,60.9,9.54999999999984,199.99999999996308,3.9484340845037886,3.9484340845037886,"[20000, 20000]"
3,4,2,1.2,1.0,0.3,1,500,"(48, 48, 48)",10,A_physics,True,42180,84.36,9.54999999999984,499.99999999969026,25.15177064467647,25.15177064467647,"[50000, 50000]"
3,4,4,1.2,1.0,0.3,1,200,"(48, 48, 48)",10,A_physics,True,15924,79.62,6.7899999999999,199.99999999996308,15.763351043045738,15.763351043045738,"[20000, 20000, 20000, 20000]"
3,4,4,1.2,1.0,0.3,1,500,"(48, 48, 48)",10,A_physics,True,45924,91.848,6.7899999999999,499.99999999969026,100.56155248457004,100.56155248457004,"[50000, 50000, 50000, 50000]"
3,4,4,1.2,1.0,0.3,1,200,"(48, 48, 48)",10,A_physics,True,15924,79.62,6.7899999999999,199.99999999996308,15.77351531613912,15.77351531613912,"[20000, 20000, 20000, 20000]"
3,4,4,1.2,1.0,0.3,1,500,"(48, 48, 48)",10,A_physics,True,45924,91.848,6.7899999999999,499.99999999969026,100.56347932021833,100.56347932021833,"[50000, 50000, 50000, 50000]"
3,4,1,1.6,1.0,0.1,1,200,"(48, 48, 48)",10,A_physics,True,14881,74.405,9.59999999999984,199.99999999996308,5.615392613329878,5.615392613329878,[20000]
3,4,1,1.6,1.0,0.1,1,500,"(48, 48, 48)",10,A_physics,True,44881,89.762,9.59999999999984,499.99999999969026,10.065074390032125,10.065720611139616,[50000]
3,4,1,1.6,1.0,0.1,1,200,"(48, 48, 48)",10,A_physics,True,14881,74.405,9.59999999999984,199.99999999996308,5.615392613329878,5.615392613329878,[20000]
3,4,1,1.6,1.0,0.1,1,500,"(48, 48, 48)",10,A_physics,True,44881,89.762,9.59999999999984,499.99999999969026,10.065074390032125,10.065720611139616,[50000]
3,4,2,1.6,1.0,0.1,1,200,"(48, 48, 48)",10,A_physics,True,17138,85.69,7.089999999999893,199.99999999996308,22.461299492056472,22.461299492056472,"[20000, 20000]"
3,4,2,1.6,1.0,0.1,1,500,"(48, 48, 48)",10,A_physics,True,47138,94.276,7.089999999999893,499.99999999969026,40.511211990677474,40.51718174040925,"[50000, 50000]"
3,4,2,1.6,1.0,0.1,1,200,"(48, 48, 48)",10,A_physics,True,17138,85.69,7.089999999999893,199.99999999996308,22.453278178475955,22.453278178475955,"[20000, 20000]"
3,4,2,1.6,1.0,0.1,1,500,"(48, 48, 48)",10,A_physics,True,47138,94.276,7.089999999999893,499.99999999969026,41.20303200786434,41.20844263118031,"[50000, 50000]"
3,4,4,1.6,1.0,0.1,1,200,"(48, 48, 48)",10,A_physics,True,18244,91.22,5.279999999999932,199.99999999996308,89.83465198382942,89.83465198382942,"[20000, 20000, 20000, 20000]"
3,4,4,1.6,1.0,0.1,1,500,"(48, 48, 48)",10,A_physics,True,48244,96.488,5.279999999999932,499.99999999969026,162.6809101733242,162.69993767535112,"[50000, 50000, 50000, 50000]"
3,4,4,1.6,1.0,0.1,1,200,"(48, 48, 48)",10,A_physics,True,18244,91.22,5.279999999999932,199.99999999996308,89.87443597879981,89.87443597879981,"[20000, 20000, 20000, 20000]"
3,4,4,1.6,1.0,0.1,1,500,"(48, 48, 48)",10,A_physics,True,48244,96.488,5.279999999999932,499.99999999969026,161.40882015987503,161.42241123275141,"[50000, 50000, 50000, 50000]"
3,4,1,1.6,1.0,0.2,1,200,"(48, 48, 48)",10,A_physics,True,12011,60.055,10.609999999999818,199.99999999996308,3.8749062727182957,3.8749062727182957,[20000]
3,4,1,1.6,1.0,0.2,1,500,"(48, 48, 48)",10,A_physics,True,42011,84.022,10.609999999999818,499.99999999969026,25.126074484898027,25.126074484898027,[50000]
3,4,1,1.6,1.0,0.2,1,200,"(48, 48, 48)",10,A_physics,True,12011,60.055,10.609999999999818,199.99999999996308,3.8749062727182957,3.8749062727182957,[20000]
3,4,1,1.6,1.0,0.2,1,500,"(48, 48, 48)",10,A_physics,True,42011,84.022,10.609999999999818,499.99999999969026,25.126074484898027,25.126074484898027,[50000]
3,4,2,1.6,1.0,0.2,1,200,"(48, 48, 48)",10,A_physics,True,15760,78.8,7.649999999999881,199.99999999996308,15.4903435923709,15.4903435923709,"[20000, 20000]"
3,4,2,1.6,1.0,0.2,1,500,"(48, 48, 48)",10,A_physics,True,45760,91.52,7.649999999999881,499.99999999969026,100.51441382674565,100.51441382674565,"[50000, 50000]"
3,4,2,1.6,1.0,0.2,1,200,"(48, 48, 48)",10,A_physics,True,15760,78.8,7.649999999999881,199.99999999996308,15.499687454973406,15.499687454973406,"[20000, 20000]"
3,4,2,1.6,1.0,0.2,1,500,"(48, 48, 48)",10,A_physics,True,45760,91.52,7.649999999999881,499.99999999969026,100.65638032468975,100.65638032468975,"[50000, 50000]"
3,4,4,1.6,1.0,0.2,1,200,"(48, 48, 48)",10,A_physics,True,17643,88.215,5.589999999999925,199.99999999996308,61.945607004558035,61.945607004558035,"[20000, 20000, 20000, 20000]"
3,4,4,1.6,1.0,0.2,1,500,"(48, 48, 48)",10,A_physics,True,47643,95.286,5.589999999999925,499.99999999969026,401.9676789637631,401.9676789637631,"[50000, 50000, 50000, 50000]"
3,4,4,1.6,1.0,0.2,1,200,"(48, 48, 48)",10,A_physics,True,17643,88.215,5.589999999999925,199.99999999996308,61.99493055637647,61.99493055637647,"[20000, 20000, 20000, 20000]"
3,4,4,1.6,1.0,0.2,1,500,"(48, 48, 48)",10,A_physics,True,47643,95.286,5.589999999999925,499.99999999969026,402.67943828913184,402.67943828913184,"[50000, 50000, 50000, 50000]"
3,4,1,1.6,1.0,0.3,1,200,"(48, 48, 48)",10,A_physics,True,8420,42.1,11.749999999999794,199.99999999996308,1.7479608930720347,1.7479608930720347,[20000]
3,4,1,1.6,1.0,0.3,1,500,"(48, 48, 48)",10,A_physics,True,38420,76.84,11.749999999999794,499.99999999969026,11.177500479233998,11.177500479233998,[50000]
3,4,1,1.6,1.0,0.3,1,200,"(48, 48, 48)",10,A_physics,True,8420,42.1,11.749999999999794,199.99999999996308,1.7479608930720347,1.7479608930720347,[20000]
3,4,1,1.6,1.0,0.3,1,500,"(48, 48, 48)",10,A_physics,True,38420,76.84,11.749999999999794,499.99999999969026,11.177500479233998,11.177500479233998,[50000]
3,4,2,1.6,1.0,0.3,1,200,"(48, 48, 48)",10,A_physics,True,14049,70.245,8.269999999999868,199.99999999996308,6.99488059644473,6.99488059644473,"[20000, 20000]"
3,4,2,1.6,1.0,0.3,1,500,"(48, 48, 48)",10,A_physics,True,44049,88.098,8.269999999999868,499.99999999969026,44.71093092698071,44.71093092698071,"[50000, 50000]"
3,4,2,1.6,1.0,0.3,1,200,"(48, 48, 48)",10,A_physics,True,14050,70.25,8.269999999999868,199.99999999996308,6.9961655119579635,6.9961655119579635,"[20000, 20000]"
3,4,2,1.6,1.0,0.3,1,500,"(48, 48, 48)",10,A_physics,True,44050,88.1,8.269999999999868,499.99999999969026,44.69994194242402,44.69994194242402,"[50000, 50000]"
3,4,4,1.6,1.0,0.3,1,200,"(48, 48, 48)",10,A_physics,True,16861,84.305,5.919999999999918,199.99999999996308,27.98134814857513,27.98134814857513,"[20000, 20000, 20000, 20000]"
3,4,4,1.6,1.0,0.3,1,500,"(48, 48, 48)",10,A_physics,True,46861,93.722,5.919999999999918,499.99999999969026,178.88573560661158,178.88573560661158,"[50000, 50000, 50000, 50000]"
3,4,4,1.6,1.0,0.3,1,200,"(48, 48, 48)",10,A_physics,True,16861,84.305,5.919999999999918,199.99999999996308,27.984294314689155,27.984294314689155,"[20000, 20000, 20000, 20000]"
3,4,4,1.6,1.0,0.3,1,500,"(48, 48, 48)",10,A_physics,True,46861,93.722,5.919999999999918,499.99999999969026,178.8566954407694,178.8566954407694,"[50000, 50000, 50000, 50000]"
3,4,1,2.0,1.0,0.1,1,200,"(48, 48, 48)",10,A_physics,True,15814,79.07,8.699999999999859,199.99999999996308,8.765558150644862,8.765558150644862,[20000]
3,4,1,2.0,1.0,0.1,1,500,"(48, 48, 48)",10,A_physics,True,45814,91.628,8.699999999999859,499.99999999969026,16.119458657268876,16.120713465975104,[50000]
3,4,1,2.0,1.0,0.1,1,200,"(48, 48, 48)",10,A_physics,True,15814,79.07,8.699999999999859,199.99999999996308,8.765558150644862,8.765558150644862,[20000]
3,4,1,2.0,1.0,0.1,1,500,"(48, 48, 48)",10,A_physics,True,45814,91.628,8.699999999999859,499.99999999969026,16.119458657268876,16.120713465975104,[50000]
3,4,2,2.0,1.0,0.1,1,200,"(48, 48, 48)",10,A_physics,True,17573,87.865,6.439999999999907,199.99999999996308,35.08261921189401,35.08261921189401,"[20000, 20000]"
3,4,2,2.0,1.0,0.1,1,500,"(48, 48, 48)",10,A_physics,True,47573,95.146,6.439999999999907,499.99999999969026,64.14373509077275,64.14856508281078,"[50000, 50000]"
3,4,2,2.0,1.0,0.1,1,200,"(48, 48, 48)",10,A_physics,True,17573,87.865,6.439999999999907,199.99999999996308,35.19802505460139,35.19802505460139,"[20000, 20000]"
3,4,2,2.0,1.0,0.1,1,500,"(48, 48, 48)",10,A_physics,True,47573,95.146,6.439999999999907,499.99999999969026,65.00306078018849,65.00306078018849,"[50000, 50000]"
3,4,4,2.0,1.0,0.1,1,200,"(48, 48, 48)",10,A_physics,True,18481,92.405,4.799999999999942,199.99999999996308,140.24768312831333,140.24768312831333,"[20000, 20000, 20000, 20000]"
3,4,4,2.0,1.0,0.1,1,500,"(48, 48, 48)",10,A_physics,True,48481,96.962,4.799999999999942,499.99999999969026,259.1932691546693,259.2055183241477,"[50000, 50000, 50000, 50000]"
3,4,4,2.0,1.0,0.1,1,200,"(48, 48, 48)",10,A_physics,True,18481,92.405,4.799999999999942,199.99999999996308,140.35234299140626,140.35234299140626,"[20000, 20000, 20000, 20000]"
3,4,4,2.0,1.0,0.1,1,500,"(48, 48, 48)",10,A_physics,True,48481,96.962,4.799999999999942,499.99999999969026,256.8380910602011,256.86635705100605,"[50000, 50000, 50000, 50000]"
3,4,1,2.0,1.0,0.2,1,200,"(48, 48, 48)",10,A_physics,True,13516,67.58,9.539999999999841,199.99999999996308,6.218530879998401,6.218530879998401,[20000]
3,4,1,2.0,1.0,0.2,1,500,"(48, 48, 48)",10,A_physics,True,43516,87.032,9.539999999999841,499.99999999969026,40.126868492456424,40.126868492456424,[50000]
3,4,1,2.0,1.0,0.2,1,200,"(48, 48, 48)",10,A_physics,True,13516,67.58,9.539999999999841,199.99999999996308,6.218530879998401,6.218530879998401,[20000]
3,4,1,2.0,1.0,0.2,1,500,"(48, 48, 48)",10,A_physics,True,43516,87.032,9.539999999999841,499.99999999969026,40.126868492456424,40.126868492456424,[50000]
3,4,2,2.0,1.0,0.2,1,200,"(48, 48, 48)",10,A_physics,True,16512,82.56,6.909999999999897,199.99999999996308,24.865925866543485,24.865925866543485,"[20000, 20000]"
3,4,2,2.0,1.0,0.2,1,500,"(48, 48, 48)",10,A_physics,True,46512,93.024,6.909999999999897,499.99999999969026,160.49422697474367,160.49422697474367,"[50000, 50000]"
3,4,2,2.0,1.0,0.2,1,200,"(48, 48, 48)",10,A_physics,True,16512,82.56,6.909999999999897,199.99999999996308,24.997419496622403,24.997419496622403,"[20000, 20000]"
3,4,2,2.0,1.0,0.2,1,500,"(48, 48, 48)",10,A_physics,True,46512,93.024,6.909999999999897,499.99999999969026,160.85581832881408,160.85581832881408,"[50000, 50000]"
3,4,4,2.0,1.0,0.2,1,200,"(48, 48, 48)",10,A_physics,True,18024,90.12,5.0599999999999365,199.99999999996308,99.54616170958718,99.54616170958718,"[20000, 20000, 20000, 20000]"
3,4,4,2.0,1.0,0.2,1,500,"(48, 48, 48)",10,A_physics,True,48024,96.048,5.0599999999999365,499.99999999969026,642.0965093402867,642.0965093402867,"[50000, 50000, 50000, 50000]"
3,4,4,2.0,1.0,0.2,1,200,"(48, 48, 48)",10,A_physics,True,18024,90.12,5.0599999999999365,199.99999999996308,100.00095513619905,100.00095513619905,"[20000, 20000, 20000, 20000]"
3,4,4,2.0,1.0,0.2,1,500,"(48, 48, 48)",10,A_physics,True,48024,96.048,5.0599999999999365,499.99999999969026,643.3370474199951,643.3370474199951,"[50000, 50000, 50000, 50000]"
3,4,1,2.0,1.0,0.3,1,200,"(48, 48, 48)",10,A_physics,True,10689,53.445,10.469999999999821,199.99999999996308,2.7736740018850514,2.7736740018850514,[20000]
3,4,1,2.0,1.0,0.3,1,500,"(48, 48, 48)",10,A_physics,True,40689,81.378,10.469999999999821,499.99999999969026,18.134379296158695,18.134379296158695,[50000]
3,4,1,2.0,1.0,0.3,1,200,"(48, 48, 48)",10,A_physics,True,10689,53.445,10.469999999999821,199.99999999996308,2.7736740018850514,2.7736740018850514,[20000]
3,4,1,2.0,1.0,0.3,1,500,"(48, 48, 48)",10,A_physics,True,40689,81.378,10.469999999999821,499.99999999969026,18.134379296158695,18.134379296158695,[50000]
3,4,2,2.0,1.0,0.3,1,200,"(48, 48, 48)",10,A_physics,True,15177,75.885,7.419999999999886,199.99999999996308,11.138141205290987,11.138141205290987,"[20000, 20000]"
3,4,2,2.0,1.0,0.3,1,500,"(48, 48, 48)",10,A_physics,True,45177,90.354,7.419999999999886,499.99999999969026,72.36809327870246,72.36809327870246,"[50000, 50000]"
3,4,2,2.0,1.0,0.3,1,200,"(48, 48, 48)",10,A_physics,True,15176,75.88,7.419999999999886,199.99999999996308,11.184540095857544,11.184540095857544,"[20000, 20000]"
3,4,2,2.0,1.0,0.3,1,500,"(48, 48, 48)",10,A_physics,True,45176,90.352,7.419999999999886,499.99999999969026,72.99916636129885,72.99916636129885,"[50000, 50000]"
3,4,4,2.0,1.0,0.3,1,200,"(48, 48, 48)",10,A_physics,True,17424,87.12,5.339999999999931,199.99999999996308,44.490256633581666,44.490256633581666,"[20000, 20000, 20000, 20000]"
3,4,4,2.0,1.0,0.3,1,500,"(48, 48, 48)",10,A_physics,True,47424,94.848,5.339999999999931,499.99999999969026,289.9267966577928,289.9267966577928,"[50000, 50000, 50000, 50000]"
3,4,4,2.0,1.0,0.3,1,200,"(48, 48, 48)",10,A_physics,True,17424,87.12,5.339999999999931,199.99999999996308,44.794352588218096,44.794352588218096,"[20000, 20000, 20000, 20000]"
3,4,4,2.0,1.0,0.3,1,500,"(48, 48, 48)",10,A_physics,True,47424,94.848,5.339999999999931,499.99999999969026,291.8815714229891,291.8815714229891,"[50000, 50000, 50000, 50000]"
3,4,1,2.4,1.0,0.1,1,200,"(48, 48, 48)",10,A_physics,True,16409,82.045,8.039999999999873,199.99999999996308,12.637591373780431,12.637591373780431,[20000]
3,4,1,2.4,1.0,0.1,1,500,"(48, 48, 48)",10,A_physics,True,46409,92.818,8.039999999999873,499.99999999969026,22.11881305751671,22.122210825735806,[50000]
3,4,1,2.4,1.0,0.1,1,200,"(48, 48, 48)",10,A_physics,True,16409,82.045,8.039999999999873,199.99999999996308,12.637591373780431,12.637591373780431,[20000]
3,4,1,2.4,1.0,0.1,1,500,"(48, 48, 48)",10,A_physics,True,46409,92.818,8.039999999999873,499.99999999969026,22.11881305751671,22.122210825735806,[50000]
3,4,2,2.4,1.0,0.1,1,200,"(48, 48, 48)",10,A_physics,True,17867,89.335,5.959999999999917,199.99999999996308,50.60980063312128,50.60980063312128,"[20000, 20000]"
3,4,2,2.4,1.0,0.1,1,500,"(48, 48, 48)",10,A_physics,True,47867,95.734,5.959999999999917,499.99999999969026,89.81013644098279,89.82657475760732,"[50000, 50000]"
3,4,2,2.4,1.0,0.1,1,200,"(48, 48, 48)",10,A_physics,True,17867,89.335,5.959999999999917,199.99999999996308,50.47007494181282,50.47007494181282,"[20000, 20000]"
3,4,2,2.4,1.0,0.1,1,500,"(48, 48, 48)",10,A_physics,True,47867,95.734,5.959999999999917,499.99999999969026,93.2215817524012,93.2215817524012,"[50000, 50000]"
3,4,4,2.4,1.0,0.1,1,200,"(48, 48, 48)",10,A_physics,True,18646,93.23,4.4499999999999496,199.99999999996308,202.47013512619617,202.47013512619617,"[20000, 20000, 20000, 20000]"
3,4,4,2.4,1.0,0.1,1,500,"(48, 48, 48)",10,A_physics,True,48646,97.292,4.4499999999999496,499.99999999969026,363.66720981143527,363.74170265390956,"[50000, 50000, 50000, 50000]"
3,4,4,2.4,1.0,0.1,1,200,"(48, 48, 48)",10,A_physics,True,18646,93.23,4.4499999999999496,199.99999999996308,202.74056306865657,202.74056306865657,"[20000, 20000, 20000, 20000]"
3,4,4,2.4,1.0,0.1,1,500,"(48, 48, 48)",10,A_physics,True,48646,97.292,4.4499999999999496,499.99999999969026,358.4486851280404,358.5112384710511,"[50000, 50000, 50000, 50000]"
3,4,1,2.4,1.0,0.2,1,200,"(48, 48, 48)",10,A_physics,True,14510,72.55,8.749999999999858,199.99999999996308,8.72304411342501,8.72304411342501,[20000]
3,4,1,2.4,1.0,0.2,1,500,"(48, 48, 48)",10,A_physics,True,44510,89.02,8.749999999999858,499.99999999969026,56.11054222440512,56.11054222440512,[50000]
3,4,1,2.4,1.0,0.2,1,200,"(48, 48, 48)",10,A_physics,True,14510,72.55,8.749999999999858,199.99999999996308,8.72304411342501,8.72304411342501,[20000]
3,4,1,2.4,1.0,0.2,1,500,"(48, 48, 48)",10,A_physics,True,44510,89.02,8.749999999999858,499.99999999969026,56.11054222440512,56.11054222440512,[50000]
3,4,2,2.4,1.0,0.2,1,200,"(48, 48, 48)",10,A_physics,True,17013,85.065,6.359999999999909,199.99999999996308,34.88481103841498,34.88481103841498,"[20000, 20000]"
3,4,2,2.4,1.0,0.2,1,500,"(48, 48, 48)",10,A_physics,True,47013,94.026,6.359999999999909,499.99999999969026,224.32984470165866,224.32984470165866,"[50000, 50000]"
3,4,2,2.4,1.0,0.2,1,200,"(48, 48, 48)",10,A_physics,True,17013,85.065,6.359999999999909,199.99999999996308,34.88873567575665,34.88873567575665,"[20000, 20000]"
3,4,2,2.4,1.0,0.2,1,500,"(48, 48, 48)",10,A_physics,True,47013,94.026,6.359999999999909,499.99999999969026,224.59478460329936,224.59478460329936,"[50000, 50000]"
3,4,4,2.4,1.0,0.2,1,200,"(48, 48, 48)",10,A_physics,True,18281,91.405,4.669999999999945,199.99999999996308,139.55358359573896,139.55358359573896,"[20000, 20000, 20000, 20000]"
3,4,4,2.4,1.0,0.2,1,500,"(48, 48, 48)",10,A_physics,True,48281,96.562,4.669999999999945,499.99999999969026,897.7370892489616,897.7370892489616,"[50000, 50000, 50000, 50000]"
3,4,4,2.4,1.0,0.2,1,200,"(48, 48, 48)",10,A_physics,True,18281,91.405,4.669999999999945,199.99999999996308,139.56701123166303,139.56701123166303,"[20000, 20000, 20000, 20000]"
3,4,4,2.4,1.0,0.2,1,500,"(48, 48, 48)",10,A_physics,True,48281,96.562,4.669999999999945,499.99999999969026,896.9123347759321,896.9123347759321,"[50000, 50000, 50000, 50000]"
3,4,1,2.4,1.0,0.3,1,200,"(48, 48, 48)",10,A_physics,True,12179,60.895,9.54999999999984,199.99999999996308,3.942766478085168,3.942766478085168,[20000]
3,4,1,2.4,1.0,0.3,1,500,"(48, 48, 48)",10,A_physics,True,42179,84.358,9.54999999999984,499.99999999969026,25.14757719655797,25.14757719655797,[50000]
3,4,1,2.4,1.0,0.3,1,200,"(48, 48, 48)",10,A_physics,True,12179,60.895,9.54999999999984,199.99999999996308,3.942766478085168,3.942766478085168,[20000]
3,4,1,2.4,1.0,0.3,1,500,"(48, 48, 48)",10,A_physics,True,42179,84.358,9.54999999999984,499.99999999969026,25.14757719655797,25.14757719655797,[50000]
3,4,2,2.4,1.0,0.3,1,200,"(48, 48, 48)",10,A_physics,True,15924,79.62,6.7899999999999,199.99999999996308,15.767775668432309,15.767775668432309,"[20000, 20000]"
3,4,2,2.4,1.0,0.3,1,500,"(48, 48, 48)",10,A_physics,True,45924,91.848,6.7899999999999,499.99999999969026,100.60648904451065,100.60648904451065,"[50000, 50000]"
3,4,2,2.4,1.0,0.3,1,200,"(48, 48, 48)",10,A_physics,True,15924,79.62,6.7899999999999,199.99999999996308,15.793736338015155,15.793736338015155,"[20000, 20000]"
3,4,2,2.4,1.0,0.3,1,500,"(48, 48, 48)",10,A_physics,True,45924,91.848,6.7899999999999,499.99999999969026,100.60708257870589,100.60708257870589,"[50000, 50000]"
3,4,4,2.4,1.0,0.3,1,200,"(48, 48, 48)",10,A_physics,True,17801,89.005,4.89999999999994,199.99999999996308,63.05340417218295,63.05340417218295,"[20000, 20000, 20000, 20000]"
3,4,4,2.4,1.0,0.3,1,500,"(48, 48, 48)",10,A_physics,True,47801,95.602,4.89999999999994,499.99999999969026,402.2462099382802,402.2462099382802,"[50000, 50000, 50000, 50000]"
3,4,4,2.4,1.0,0.3,1,200,"(48, 48, 48)",10,A_physics,True,17801,89.005,4.89999999999994,199.99999999996308,63.09406126455648,63.09406126455648,"[20000, 20000, 20000, 20000]"
3,4,4,2.4,1.0,0.3,1,500,"(48, 48, 48)",10,A_physics,True,47801,95.602,4.89999999999994,499.99999999969026,402.25391728087334,402.25391728087334,"[50000, 50000, 50000, 50000]"
